transactions_id,transaction_date,customer_id,product_id,store_id
1,2021-06-15,1075,136,25
2,2021-06-21,1404,41,9
3,2021-06-29,503,79,19
4,2021-06-24,976,207,4
5,2021-07-06,763,210,44
6,2021-06-09,869,206,30
7,2021-07-07,1345,198,9
8,2021-07-05,105,288,19
9,2021-06-15,119,326,37
10,2021-07-05,720,197,33
11,2021-06-15,625,181,39
12,2021-07-05,409,337,19
13,2021-07-05,806,369,46
14,2021-07-06,1092,137,3
15,2021-06-08,457,376,37
16,2021-06-24,565,172,6
17,2021-07-01,116,20,4
18,2021-06-28,444,86,36
19,2021-07-07,318,302,20
20,2021-07-02,157,400,12
21,2021-06-19,1395,182,43
22,2021-06-29,312,366,14
23,2021-07-04,1167,44,28
24,2021-06-24,1117,267,36
25,2021-06-08,884,193,15
26,2021-06-09,1290,162,49
27,2021-06-28,561,36,7
28,2021-06-22,624,57,33
29,2021-06-24,901,221,16
30,2021-06-24,326,68,11
31,2021-06-18,1106,77,43
32,2021-07-05,542,229,29
33,2021-06-19,835,363,22
34,2021-06-17,1201,110,7
35,2021-06-19,251,256,27
36,2021-07-03,362,96,36
37,2021-07-04,1053,163,43
38,2021-07-01,903,107,11
39,2021-06-15,665,364,4
40,2021-06-15,1046,16,6
41,2021-07-06,1489,140,41
42,2021-06-20,284,257,11
43,2021-06-15,64,390,46
44,2021-06-30,954,375,25
45,2021-06-16,968,54,40
46,2021-06-14,647,172,28
47,2021-06-24,256,327,15
48,2021-06-15,810,270,14
49,2021-07-08,505,301,7
50,2021-07-02,745,233,33
51,2021-06-10,505,120,37
52,2021-06-16,1491,62,18
53,2021-06-27,1303,290,42
54,2021-06-15,1375,214,20
55,2021-06-28,1154,167,29
56,2021-06-28,900,348,50
57,2021-07-04,1202,29,42
58,2021-06-25,132,199,21
59,2021-06-28,1033,59,35
60,2021-06-25,1324,163,47
61,2021-06-21,802,159,17
62,2021-07-04,454,380,32
63,2021-07-08,349,250,40
64,2021-06-08,688,198,34
65,2021-06-27,658,348,49
66,2021-07-04,161,124,30
67,2021-07-05,798,299,32
68,2021-06-19,948,336,15
69,2021-06-25,206,38,13
70,2021-06-19,1231,358,50
71,2021-06-11,261,50,38
72,2021-06-10,135,40,17
73,2021-06-09,1392,77,26
74,2021-07-08,737,32,45
75,2021-06-30,322,378,1
76,2021-06-19,445,323,35
77,2021-06-08,1410,313,41
78,2021-06-27,801,216,47
79,2021-07-02,227,336,47
80,2021-06-22,470,284,11
81,2021-06-29,358,251,48
82,2021-07-05,1148,45,46
83,2021-06-22,388,107,17
84,2021-06-18,456,87,20
85,2021-06-22,806,272,6
86,2021-06-19,1228,223,28
87,2021-06-26,59,161,39
88,2021-06-26,35,153,14
89,2021-06-19,1327,257,5
90,2021-06-23,573,218,26
91,2021-07-01,166,352,38
92,2021-06-15,1231,352,26
93,2021-06-16,1091,36,25
94,2021-06-23,1129,32,33
95,2021-06-23,1091,141,28
96,2021-07-01,327,165,47
97,2021-06-10,305,347,35
98,2021-06-16,946,364,50
99,2021-07-06,1483,35,11
100,2021-06-27,366,22,34
101,2021-07-08,374,296,12
102,2021-06-23,408,158,19
103,2021-06-09,275,204,23
104,2021-06-18,1069,1,28
105,2021-06-13,621,322,27
106,2021-06-16,627,197,28
107,2021-06-30,241,149,11
108,2021-07-05,521,36,15
109,2021-06-12,1105,222,34
110,2021-06-18,331,227,20
111,2021-06-15,1240,219,34
112,2021-07-07,1033,157,11
113,2021-06-22,582,127,50
114,2021-07-03,139,334,27
115,2021-06-16,1131,252,19
116,2021-06-08,925,43,48
117,2021-06-26,234,231,15
118,2021-06-25,826,367,40
119,2021-06-27,547,238,49
120,2021-06-24,1084,128,36
121,2021-07-01,138,184,39
122,2021-06-13,833,99,26
123,2021-07-01,809,259,41
124,2021-06-25,437,399,13
125,2021-07-05,70,173,31
126,2021-06-23,1431,163,22
127,2021-06-12,1220,340,14
128,2021-06-09,1025,262,20
129,2021-06-12,481,135,31
130,2021-06-10,305,20,15
131,2021-07-07,1480,283,35
132,2021-06-26,1442,88,30
133,2021-06-25,1007,302,9
134,2021-06-15,1294,14,49
135,2021-06-09,941,311,6
136,2021-06-21,575,254,31
137,2021-07-05,495,321,17
138,2021-06-30,907,32,35
139,2021-06-27,1497,376,5
140,2021-06-24,657,201,47
141,2021-06-29,1032,280,3
142,2021-06-19,1109,228,21
143,2021-06-13,998,223,34
144,2021-06-26,301,170,13
145,2021-06-26,1170,240,19
146,2021-06-22,1057,264,6
147,2021-06-19,922,140,3
148,2021-06-20,644,361,17
149,2021-06-29,1308,44,41
150,2021-06-16,1375,104,3
151,2021-06-19,1018,105,16
152,2021-06-15,1442,384,35
153,2021-06-28,562,35,5
154,2021-06-24,1067,372,28
155,2021-06-09,250,24,23
156,2021-06-28,658,237,50
157,2021-06-08,1036,296,23
158,2021-06-11,1156,135,28
159,2021-07-04,1127,206,13
160,2021-06-10,133,248,26
161,2021-06-22,857,151,49
162,2021-07-04,397,281,48
163,2021-06-30,326,17,25
164,2021-06-08,1414,68,22
165,2021-06-21,498,382,35
166,2021-06-24,372,237,19
167,2021-07-06,675,377,36
168,2021-06-29,867,9,43
169,2021-06-25,47,212,37
170,2021-06-13,659,215,17
171,2021-06-20,479,169,19
172,2021-06-28,15,291,34
173,2021-06-20,1443,151,34
174,2021-06-25,1037,271,28
175,2021-07-02,423,63,41
176,2021-06-24,321,299,12
177,2021-06-26,1181,38,41
178,2021-06-10,1023,296,39
179,2021-06-15,1093,190,44
180,2021-06-29,417,162,8
181,2021-06-25,1152,268,15
182,2021-06-19,742,292,50
183,2021-06-09,951,288,25
184,2021-06-10,138,198,19
185,2021-07-06,1221,162,31
186,2021-07-04,1321,80,13
187,2021-06-14,938,180,48
188,2021-07-06,977,357,29
189,2021-06-13,264,154,46
190,2021-06-23,1375,115,40
191,2021-06-25,1138,77,28
192,2021-06-19,267,284,11
193,2021-07-04,1484,258,28
194,2021-07-06,293,43,27
195,2021-06-27,1002,213,50
196,2021-06-14,1444,284,16
197,2021-06-20,591,200,24
198,2021-06-16,844,52,7
199,2021-07-05,1443,310,13
200,2021-06-18,1223,380,5
201,2021-07-04,992,207,35
202,2021-06-24,191,330,9
203,2021-06-25,327,47,20
204,2021-07-02,298,74,3
205,2021-07-03,334,60,29
206,2021-07-04,96,90,50
207,2021-06-18,1023,195,40
208,2021-06-15,39,67,7
209,2021-06-25,199,379,49
210,2021-07-06,405,38,9
211,2021-06-27,1445,322,5
212,2021-06-28,1097,153,26
213,2021-06-25,38,237,14
214,2021-06-08,1059,52,23
215,2021-06-22,419,321,50
216,2021-06-27,1045,199,8
217,2021-07-06,1243,187,9
218,2021-06-16,24,227,11
219,2021-06-20,1233,73,8
220,2021-06-16,178,92,7
221,2021-07-03,1002,67,22
222,2021-07-04,1339,99,16
223,2021-07-03,266,283,31
224,2021-06-16,368,394,44
225,2021-06-22,1254,146,17
226,2021-06-24,1386,144,27
227,2021-07-06,1463,143,12
228,2021-06-18,354,60,41
229,2021-06-25,1312,51,33
230,2021-06-22,349,102,26
231,2021-07-03,972,365,35
232,2021-06-16,353,145,5
233,2021-06-10,1125,336,2
234,2021-07-02,1282,143,14
235,2021-06-13,1047,112,5
236,2021-06-26,1117,112,25
237,2021-07-06,1407,355,42
238,2021-06-25,265,146,13
239,2021-07-03,63,303,16
240,2021-06-08,628,247,23
241,2021-06-08,1257,134,32
242,2021-06-16,1491,166,28
243,2021-06-18,780,231,48
244,2021-07-07,157,168,10
245,2021-06-09,503,196,38
246,2021-06-09,1205,40,37
247,2021-06-30,626,341,31
248,2021-06-13,347,219,24
249,2021-06-24,221,278,46
250,2021-06-28,546,149,9
251,2021-06-21,1140,176,38
252,2021-07-03,1481,367,16
253,2021-06-20,1163,297,24
254,2021-07-06,1240,262,16
255,2021-06-09,20,60,15
256,2021-06-18,870,178,33
257,2021-06-14,561,183,4
258,2021-06-13,1461,125,16
259,2021-07-03,687,337,37
260,2021-06-18,339,107,27
261,2021-07-05,201,50,1
262,2021-06-12,1460,88,35
263,2021-07-08,1068,332,33
264,2021-06-24,639,381,10
265,2021-06-19,114,180,22
266,2021-06-30,705,236,20
267,2021-06-23,459,295,33
268,2021-06-11,826,204,24
269,2021-07-04,526,215,38
270,2021-06-16,516,199,8
271,2021-07-02,765,139,36
272,2021-07-08,1442,342,16
273,2021-06-16,1244,133,4
274,2021-06-12,544,203,43
275,2021-07-07,310,209,50
276,2021-07-08,893,190,8
277,2021-06-13,180,279,33
278,2021-06-13,759,207,3
279,2021-06-24,1158,60,24
280,2021-06-25,831,219,32
281,2021-07-01,859,336,40
282,2021-06-10,899,69,6
283,2021-06-18,1103,135,16
284,2021-06-29,1431,277,21
285,2021-06-10,923,105,7
286,2021-07-06,174,2,6
287,2021-06-26,1235,11,29
288,2021-06-12,610,148,47
289,2021-06-10,1244,267,21
290,2021-07-04,1288,109,10
291,2021-06-12,1017,14,5
292,2021-06-13,1431,24,12
293,2021-06-08,874,23,6
294,2021-06-13,1316,383,24
295,2021-06-15,1477,253,4
296,2021-06-17,370,328,17
297,2021-06-19,105,6,44
298,2021-06-13,613,51,23
299,2021-06-19,1368,398,22
300,2021-06-17,1321,222,8
301,2021-06-18,1262,389,40
302,2021-07-08,115,29,27
303,2021-06-23,38,82,29
304,2021-06-16,1331,55,30
305,2021-06-26,665,213,18
306,2021-06-10,523,160,48
307,2021-06-13,833,76,18
308,2021-06-22,103,323,38
309,2021-07-01,879,6,41
310,2021-07-07,1195,47,24
311,2021-07-06,1114,82,24
312,2021-06-20,916,219,31
313,2021-07-06,1287,395,34
314,2021-06-29,219,10,20
315,2021-07-03,1233,220,24
316,2021-06-17,468,124,4
317,2021-06-18,541,346,4
318,2021-06-27,1441,61,25
319,2021-07-05,911,295,30
320,2021-06-09,1251,326,17
321,2021-06-23,112,269,46
322,2021-06-16,1497,193,17
323,2021-06-12,179,256,46
324,2021-06-23,206,288,43
325,2021-07-05,150,11,20
326,2021-07-05,74,280,31
327,2021-06-28,1144,399,46
328,2021-06-22,713,186,19
329,2021-06-09,752,255,24
330,2021-06-13,962,183,32
331,2021-06-27,171,354,3
332,2021-07-04,1406,137,44
333,2021-07-03,139,78,46
334,2021-06-13,456,77,27
335,2021-07-06,674,220,36
336,2021-06-19,435,141,48
337,2021-06-18,739,103,39
338,2021-06-16,1313,273,47
339,2021-07-05,1414,271,18
340,2021-07-04,1375,220,13
341,2021-06-25,192,151,9
342,2021-07-06,597,281,43
343,2021-07-07,992,22,18
344,2021-06-25,1464,6,4
345,2021-06-28,155,199,19
346,2021-07-01,54,366,21
347,2021-06-24,8,139,47
348,2021-07-08,1448,324,38
349,2021-07-06,525,108,45
350,2021-06-08,1460,100,20
351,2021-06-24,65,120,43
352,2021-06-26,993,363,6
353,2021-06-15,282,161,45
354,2021-06-16,844,116,2
355,2021-06-13,394,66,34
356,2021-06-27,1117,194,33
357,2021-06-09,1164,352,45
358,2021-07-07,1496,326,42
359,2021-06-16,369,80,33
360,2021-06-12,282,312,49
361,2021-07-04,674,96,1
362,2021-06-18,1302,155,9
363,2021-06-13,1358,230,20
364,2021-06-13,67,317,17
365,2021-07-01,728,288,31
366,2021-07-07,814,49,31
367,2021-06-18,1414,155,12
368,2021-06-16,59,397,30
369,2021-06-16,1288,232,16
370,2021-06-28,1360,216,9
371,2021-06-12,694,180,42
372,2021-06-10,902,99,11
373,2021-06-14,1006,300,22
374,2021-06-19,1043,367,47
375,2021-06-11,226,289,44
376,2021-06-10,947,326,45
377,2021-07-03,557,375,12
378,2021-06-27,642,159,14
379,2021-07-06,1073,331,14
380,2021-06-11,441,300,47
381,2021-07-06,1351,8,9
382,2021-07-07,1474,132,46
383,2021-06-25,23,223,10
384,2021-07-03,849,331,18
385,2021-06-23,1452,204,21
386,2021-06-28,1048,2,4
387,2021-07-01,211,89,7
388,2021-07-01,1188,381,44
389,2021-07-03,507,125,26
390,2021-07-02,1465,281,10
391,2021-07-01,1045,318,8
392,2021-06-25,1373,115,27
393,2021-06-14,850,374,47
394,2021-06-10,144,8,1
395,2021-07-03,1482,106,7
396,2021-07-02,194,22,7
397,2021-07-01,875,281,35
398,2021-06-20,34,70,31
399,2021-06-11,673,127,44
400,2021-07-06,502,392,44
401,2021-06-09,1089,122,30
402,2021-07-05,569,213,25
403,2021-06-19,663,362,2
404,2021-07-06,17,11,17
405,2021-06-12,1204,291,28
406,2021-07-01,922,240,25
407,2021-06-16,43,284,21
408,2021-06-15,512,83,33
409,2021-07-03,131,315,33
410,2021-07-01,160,260,19
411,2021-06-19,797,27,1
412,2021-06-28,1461,143,1
413,2021-06-15,802,20,29
414,2021-06-30,569,53,42
415,2021-06-30,590,71,16
416,2021-06-10,77,159,5
417,2021-06-28,1204,309,4
418,2021-07-04,483,238,12
419,2021-06-15,477,16,9
420,2021-06-08,852,11,8
421,2021-06-26,1051,83,30
422,2021-07-06,318,100,45
423,2021-07-02,1480,197,9
424,2021-06-08,697,334,41
425,2021-06-17,630,278,25
426,2021-06-26,208,57,45
427,2021-07-01,204,189,48
428,2021-06-24,1177,81,40
429,2021-07-01,682,158,45
430,2021-06-18,1031,158,8
431,2021-06-17,673,291,4
432,2021-06-29,1382,338,47
433,2021-06-19,1191,242,1
434,2021-07-02,346,315,21
435,2021-06-26,1485,284,25
436,2021-06-14,842,26,5
437,2021-06-10,416,67,10
438,2021-07-04,1357,152,10
439,2021-06-15,402,150,10
440,2021-06-30,618,17,32
441,2021-07-04,414,53,14
442,2021-06-23,46,374,18
443,2021-06-23,1223,63,38
444,2021-06-17,29,278,24
445,2021-07-03,1422,119,36
446,2021-07-05,1436,256,13
447,2021-06-15,706,356,33
448,2021-06-13,91,124,43
449,2021-06-20,965,327,42
450,2021-06-17,918,16,14
451,2021-06-19,125,356,20
452,2021-06-26,1384,392,13
453,2021-06-10,1307,1,5
454,2021-06-13,702,311,21
455,2021-06-14,1119,367,25
456,2021-06-26,863,326,29
457,2021-06-26,734,12,44
458,2021-06-08,974,102,50
459,2021-07-04,671,247,28
460,2021-07-04,1053,29,19
461,2021-06-12,26,51,27
462,2021-07-06,1196,225,15
463,2021-06-13,9,169,31
464,2021-06-26,182,116,20
465,2021-06-13,784,253,33
466,2021-07-06,592,53,9
467,2021-07-08,601,22,42
468,2021-07-05,1401,109,45
469,2021-06-19,34,134,36
470,2021-06-18,794,49,3
471,2021-06-20,1482,393,24
472,2021-07-08,1004,60,25
473,2021-07-06,1052,195,42
474,2021-06-23,902,218,6
475,2021-06-20,714,33,36
476,2021-06-28,1042,81,22
477,2021-07-01,792,167,48
478,2021-06-13,942,194,42
479,2021-06-09,1452,142,29
480,2021-07-04,124,214,18
481,2021-06-19,32,21,48
482,2021-06-21,1172,30,42
483,2021-06-25,372,230,21
484,2021-06-18,682,143,19
485,2021-06-22,1199,69,19
486,2021-06-10,122,242,12
487,2021-06-27,443,235,5
488,2021-06-08,1211,223,42
489,2021-07-01,846,6,37
490,2021-06-22,39,108,12
491,2021-06-15,348,394,9
492,2021-06-09,1175,308,46
493,2021-06-19,1244,55,34
494,2021-06-20,348,263,7
495,2021-06-24,311,220,47
496,2021-06-26,624,72,43
497,2021-07-06,592,375,19
498,2021-07-06,365,72,17
499,2021-07-08,532,44,45
500,2021-06-22,1467,173,30
501,2021-07-04,899,54,4
502,2021-06-14,54,334,20
503,2021-06-08,1187,274,13
504,2021-06-16,123,13,31
505,2021-07-07,1279,392,7
506,2021-06-13,1189,204,10
507,2021-06-15,827,26,2
508,2021-07-08,275,343,27
509,2021-07-02,931,264,43
510,2021-07-03,1053,96,10
511,2021-06-24,892,80,39
512,2021-06-08,1394,397,43
513,2021-06-17,87,387,24
514,2021-06-10,927,164,39
515,2021-07-04,511,303,1
516,2021-07-02,374,107,41
517,2021-06-27,803,151,19
518,2021-06-20,1314,82,1
519,2021-06-20,706,349,12
520,2021-06-22,1171,289,29
521,2021-06-26,354,158,42
522,2021-07-01,553,27,4
523,2021-06-16,41,274,6
524,2021-06-20,569,221,23
525,2021-07-08,944,324,46
526,2021-07-05,1477,302,17
527,2021-06-14,619,230,42
528,2021-07-03,1006,265,6
529,2021-06-30,738,204,48
530,2021-06-16,1083,313,12
531,2021-07-06,1016,245,24
532,2021-06-22,177,267,16
533,2021-07-04,469,93,28
534,2021-06-11,310,119,38
535,2021-06-08,604,393,42
536,2021-06-13,894,187,15
537,2021-06-17,277,104,41
538,2021-06-11,1360,395,31
539,2021-06-09,1468,192,28
540,2021-06-09,54,20,29
541,2021-06-08,434,6,8
542,2021-06-09,1209,274,42
543,2021-06-28,1158,253,36
544,2021-06-11,1004,68,37
545,2021-06-16,279,359,8
546,2021-07-05,82,292,32
547,2021-07-05,45,82,39
548,2021-06-15,446,244,37
549,2021-06-12,1011,131,29
550,2021-06-28,1262,15,21
551,2021-06-10,787,33,47
552,2021-06-25,714,362,50
553,2021-06-24,726,345,21
554,2021-06-23,349,64,9
555,2021-06-30,638,387,37
556,2021-06-21,117,328,43
557,2021-06-20,194,162,5
558,2021-06-14,749,108,36
559,2021-06-25,886,236,35
560,2021-06-27,104,93,43
561,2021-06-15,415,256,47
562,2021-06-10,75,148,50
563,2021-06-18,123,247,15
564,2021-06-16,136,145,21
565,2021-06-21,492,281,20
566,2021-06-11,562,59,50
567,2021-06-12,114,138,6
568,2021-06-09,843,393,48
569,2021-07-03,894,29,16
570,2021-06-22,352,299,39
571,2021-06-12,989,132,33
572,2021-07-04,1097,69,9
573,2021-06-20,1038,327,6
574,2021-06-10,847,365,27
575,2021-06-27,389,356,33
576,2021-06-09,1405,13,4
577,2021-06-19,405,104,26
578,2021-07-05,1464,342,20
579,2021-06-17,1296,360,14
580,2021-07-01,221,155,1
581,2021-07-05,978,65,4
582,2021-06-30,1225,264,11
583,2021-06-17,589,282,29
584,2021-06-24,349,101,32
585,2021-06-08,1125,296,49
586,2021-06-19,738,216,8
587,2021-06-19,98,217,30
588,2021-06-12,1216,294,26
589,2021-06-08,1050,5,47
590,2021-07-07,1263,357,45
591,2021-06-27,889,216,26
592,2021-06-11,1369,191,34
593,2021-06-09,993,234,24
594,2021-06-25,556,148,24
595,2021-06-23,744,168,44
596,2021-06-13,1076,15,41
597,2021-06-27,220,107,9
598,2021-06-29,882,220,1
599,2021-06-23,773,65,48
600,2021-06-14,381,32,8
601,2021-07-07,476,317,41
602,2021-06-16,788,138,40
603,2021-06-19,391,94,6
604,2021-07-08,469,150,5
605,2021-06-17,1237,223,19
606,2021-06-30,811,191,23
607,2021-06-09,1137,215,31
608,2021-06-22,1344,101,9
609,2021-07-05,622,226,11
610,2021-06-29,39,68,16
611,2021-06-08,703,390,29
612,2021-06-26,517,7,38
613,2021-06-18,461,198,15
614,2021-06-19,246,184,29
615,2021-06-15,351,99,50
616,2021-06-21,1126,336,16
617,2021-06-19,527,188,2
618,2021-07-03,1103,202,46
619,2021-06-26,1262,39,37
620,2021-06-19,236,57,29
621,2021-07-05,466,222,36
622,2021-06-16,38,162,19
623,2021-06-27,134,83,23
624,2021-07-02,904,101,35
625,2021-06-15,295,10,6
626,2021-07-01,296,51,46
627,2021-07-03,296,197,31
628,2021-06-18,52,151,36
629,2021-07-04,1297,197,5
630,2021-06-20,977,31,25
631,2021-06-29,733,232,23
632,2021-06-24,193,359,38
633,2021-06-18,719,78,43
634,2021-07-06,265,133,48
635,2021-06-15,1411,238,17
636,2021-06-26,1478,398,48
637,2021-06-20,1150,353,3
638,2021-06-11,850,360,45
639,2021-07-07,192,357,32
640,2021-06-29,1030,348,11
641,2021-06-10,1047,64,10
642,2021-06-26,41,70,41
643,2021-06-30,628,125,37
644,2021-06-15,1283,116,11
645,2021-07-02,171,366,41
646,2021-06-19,217,13,17
647,2021-06-18,1480,254,39
648,2021-06-26,96,94,24
649,2021-06-28,138,217,17
650,2021-07-07,843,305,19
651,2021-06-28,1197,7,2
652,2021-06-27,1495,165,32
653,2021-06-17,154,248,16
654,2021-06-25,330,68,27
655,2021-06-27,1426,25,36
656,2021-06-11,419,151,14
657,2021-06-21,1242,3,23
658,2021-07-03,378,68,35
659,2021-07-01,841,92,11
660,2021-06-22,1318,147,45
661,2021-06-13,1221,324,28
662,2021-06-16,433,333,9
663,2021-06-23,1342,238,39
664,2021-06-26,882,382,29
665,2021-06-12,344,128,2
666,2021-06-12,1301,35,11
667,2021-06-18,379,253,34
668,2021-06-29,1317,98,9
669,2021-07-06,699,347,16
670,2021-07-02,494,22,36
671,2021-07-02,854,230,13
672,2021-06-15,1400,319,17
673,2021-06-21,680,44,29
674,2021-06-10,723,124,22
675,2021-06-25,1228,89,32
676,2021-06-16,457,352,6
677,2021-07-06,901,190,9
678,2021-07-01,339,347,26
679,2021-06-12,924,62,6
680,2021-06-23,939,25,9
681,2021-06-22,676,124,48
682,2021-07-06,1352,42,2
683,2021-07-01,1148,281,6
684,2021-06-21,135,77,38
685,2021-06-10,1337,234,33
686,2021-06-28,479,377,49
687,2021-07-03,916,183,23
688,2021-06-18,829,206,14
689,2021-06-28,504,239,34
690,2021-07-04,866,191,41
691,2021-06-12,1416,291,18
692,2021-07-07,469,174,35
693,2021-06-22,525,83,28
694,2021-06-25,1202,390,43
695,2021-06-20,423,54,23
696,2021-07-01,556,290,24
697,2021-06-08,881,296,47
698,2021-06-17,779,292,6
699,2021-06-29,624,323,24
700,2021-06-16,1161,224,28
701,2021-06-20,1028,61,44
702,2021-06-08,1026,104,1
703,2021-06-26,108,337,7
704,2021-06-17,596,88,36
705,2021-07-02,855,100,21
706,2021-06-16,412,251,44
707,2021-06-14,308,379,34
708,2021-06-27,1111,15,9
709,2021-06-18,677,309,21
710,2021-06-16,1348,115,25
711,2021-07-05,1184,149,29
712,2021-06-10,685,64,37
713,2021-06-14,174,27,39
714,2021-06-21,1145,107,45
715,2021-07-05,1021,175,50
716,2021-06-28,127,154,15
717,2021-06-16,51,127,21
718,2021-06-28,49,100,45
719,2021-07-01,78,192,15
720,2021-06-14,625,106,41
721,2021-06-20,1031,219,43
722,2021-07-06,183,345,11
723,2021-06-08,549,203,31
724,2021-07-06,736,233,12
725,2021-06-15,774,183,46
726,2021-06-18,619,193,17
727,2021-06-14,196,370,35
728,2021-06-14,503,208,6
729,2021-06-17,1064,103,5
730,2021-07-07,1379,334,31
731,2021-06-17,714,293,21
732,2021-06-16,1147,365,24
733,2021-07-02,757,259,12
734,2021-06-18,413,24,30
735,2021-06-27,545,225,15
736,2021-06-26,1225,57,12
737,2021-06-22,344,71,40
738,2021-06-25,83,322,19
739,2021-06-17,1035,46,28
740,2021-06-09,1031,50,43
741,2021-06-12,1162,291,37
742,2021-07-03,1157,316,10
743,2021-07-07,738,286,32
744,2021-06-27,1495,134,46
745,2021-06-21,1447,239,21
746,2021-06-12,111,48,7
747,2021-06-19,796,45,42
748,2021-07-03,666,373,11
749,2021-06-26,671,374,45
750,2021-06-17,892,250,32
751,2021-06-09,1165,320,12
752,2021-06-17,1277,121,33
753,2021-06-28,268,257,5
754,2021-07-01,1278,218,47
755,2021-06-14,744,300,18
756,2021-06-18,941,341,6
757,2021-06-09,24,130,19
758,2021-06-18,232,47,35
759,2021-06-30,809,362,28
760,2021-06-21,877,322,1
761,2021-06-15,1089,382,40
762,2021-06-22,666,291,26
763,2021-06-21,880,184,4
764,2021-06-09,1214,62,43
765,2021-06-14,253,209,17
766,2021-06-20,1034,275,37
767,2021-06-18,142,98,10
768,2021-07-01,575,79,23
769,2021-06-30,242,328,12
770,2021-06-15,622,2,50
771,2021-06-10,1351,37,44
772,2021-06-16,84,177,23
773,2021-06-10,70,162,50
774,2021-06-17,1410,167,10
775,2021-06-17,460,345,26
776,2021-06-29,718,349,49
777,2021-06-30,1425,330,14
778,2021-06-29,758,146,25
779,2021-06-12,1410,96,28
780,2021-06-12,300,395,9
781,2021-06-11,1052,338,17
782,2021-07-08,1119,282,15
783,2021-07-08,194,123,14
784,2021-06-11,310,307,47
785,2021-06-24,996,357,6
786,2021-06-26,564,312,36
787,2021-06-15,1055,40,30
788,2021-06-30,232,332,49
789,2021-06-16,691,135,19
790,2021-06-26,477,288,36
791,2021-06-14,214,388,34
792,2021-06-21,1013,92,13
793,2021-07-04,990,381,38
794,2021-06-19,321,135,15
795,2021-07-07,952,172,18
796,2021-06-20,629,370,4
797,2021-06-11,1278,213,10
798,2021-06-18,1466,143,38
799,2021-07-06,401,29,48
800,2021-07-01,244,344,28
801,2021-06-20,452,19,28
802,2021-07-07,344,186,2
803,2021-06-21,591,191,43
804,2021-07-06,1306,149,33
805,2021-07-07,1119,163,11
806,2021-06-14,906,350,3
807,2021-06-19,13,102,29
808,2021-06-23,443,186,20
809,2021-06-09,576,79,50
810,2021-06-24,252,205,17
811,2021-07-05,1322,255,26
812,2021-07-05,108,310,29
813,2021-06-29,764,103,43
814,2021-06-08,1370,217,50
815,2021-07-04,1440,79,34
816,2021-06-14,71,22,42
817,2021-06-28,141,66,39
818,2021-06-10,193,18,18
819,2021-07-08,1037,48,12
820,2021-06-26,140,387,12
821,2021-06-12,895,248,12
822,2021-06-10,49,238,46
823,2021-07-02,781,93,3
824,2021-07-08,1363,7,8
825,2021-06-16,823,175,32
826,2021-06-19,438,81,12
827,2021-07-02,952,338,18
828,2021-06-27,376,91,5
829,2021-06-27,1090,353,7
830,2021-06-25,596,143,48
831,2021-06-13,1227,64,26
832,2021-06-22,902,73,30
833,2021-06-18,1430,81,48
834,2021-07-04,1480,268,48
835,2021-06-27,1306,194,12
836,2021-07-02,1107,223,1
837,2021-06-10,340,105,22
838,2021-06-29,368,47,16
839,2021-06-12,748,49,21
840,2021-07-02,1381,9,48
841,2021-06-29,172,217,32
842,2021-07-05,879,85,32
843,2021-06-11,1123,269,6
844,2021-06-14,844,221,19
845,2021-06-12,442,384,11
846,2021-06-15,231,390,43
847,2021-06-10,120,1,46
848,2021-06-20,173,92,18
849,2021-06-17,994,79,15
850,2021-06-26,442,108,8
851,2021-06-30,919,23,20
852,2021-07-05,146,130,40
853,2021-06-30,85,221,20
854,2021-06-09,686,361,37
855,2021-06-17,1489,309,17
856,2021-06-28,542,22,6
857,2021-06-13,631,363,35
858,2021-06-12,453,253,31
859,2021-06-18,536,40,19
860,2021-07-03,973,13,36
861,2021-06-15,339,177,33
862,2021-06-18,67,179,49
863,2021-07-02,84,328,34
864,2021-06-10,1174,110,26
865,2021-06-16,629,168,13
866,2021-07-02,1429,276,21
867,2021-06-28,931,79,26
868,2021-07-03,78,227,44
869,2021-06-19,948,115,32
870,2021-06-17,804,308,31
871,2021-06-14,1447,162,12
872,2021-07-06,357,226,12
873,2021-06-29,833,400,49
874,2021-06-14,1147,8,2
875,2021-06-12,1258,15,25
876,2021-06-19,737,225,2
877,2021-06-28,446,316,29
878,2021-07-01,924,274,2
879,2021-06-14,848,107,41
880,2021-06-28,431,320,13
881,2021-07-07,964,78,11
882,2021-06-29,1359,341,19
883,2021-06-17,750,37,20
884,2021-06-16,545,26,31
885,2021-06-18,416,319,49
886,2021-06-14,1101,17,5
887,2021-06-14,7,194,32
888,2021-06-15,391,178,48
889,2021-06-24,1052,397,21
890,2021-07-07,948,193,1
891,2021-06-26,769,303,26
892,2021-07-03,612,345,29
893,2021-06-29,1124,178,29
894,2021-07-04,484,4,12
895,2021-06-23,51,194,12
896,2021-06-29,464,93,40
897,2021-06-14,600,36,20
898,2021-06-12,885,82,32
899,2021-06-11,695,329,11
900,2021-07-03,919,301,20
901,2021-07-05,1101,231,6
902,2021-06-16,1345,130,22
903,2021-07-08,799,83,34
904,2021-07-01,614,16,1
905,2021-07-04,1495,357,7
906,2021-06-16,313,55,5
907,2021-06-17,1270,267,16
908,2021-06-24,357,254,50
909,2021-06-29,40,25,13
910,2021-06-10,71,292,40
911,2021-06-20,709,77,17
912,2021-06-30,110,306,3
913,2021-06-29,193,126,5
914,2021-06-29,106,345,28
915,2021-06-17,741,176,38
916,2021-06-17,63,209,31
917,2021-06-09,1259,223,41
918,2021-06-14,720,35,44
919,2021-07-08,937,150,24
920,2021-06-30,74,278,29
921,2021-07-08,14,301,11
922,2021-06-16,400,264,3
923,2021-06-27,580,201,18
924,2021-06-08,1205,149,20
925,2021-06-21,867,323,24
926,2021-06-16,1113,273,13
927,2021-06-30,1103,353,29
928,2021-06-08,349,41,28
929,2021-06-25,209,64,18
930,2021-06-09,1041,188,9
931,2021-06-14,82,103,15
932,2021-07-06,1200,62,36
933,2021-06-17,569,198,50
934,2021-06-15,641,38,48
935,2021-07-03,1267,84,48
936,2021-06-20,1459,144,44
937,2021-06-12,589,366,16
938,2021-06-08,1,63,5
939,2021-06-17,588,189,10
940,2021-07-04,468,244,32
941,2021-06-28,1399,386,22
942,2021-06-15,427,188,10
943,2021-06-29,89,68,23
944,2021-06-16,641,330,23
945,2021-07-04,436,138,20
946,2021-06-26,804,329,4
947,2021-06-24,549,350,5
948,2021-06-13,983,32,48
949,2021-06-13,1024,99,31
950,2021-07-04,1235,170,23
951,2021-06-18,738,381,14
952,2021-06-18,753,261,16
953,2021-06-16,288,159,50
954,2021-06-28,1366,167,37
955,2021-06-16,336,92,35
956,2021-06-20,753,138,11
957,2021-07-01,932,60,33
958,2021-06-15,1360,91,34
959,2021-06-23,537,301,41
960,2021-06-17,1141,126,21
961,2021-06-12,835,295,18
962,2021-07-01,809,148,50
963,2021-06-23,925,167,23
964,2021-06-18,1312,318,35
965,2021-06-08,274,310,49
966,2021-07-04,833,391,6
967,2021-06-22,592,132,5
968,2021-07-06,496,38,23
969,2021-06-12,1498,288,38
970,2021-07-06,782,151,25
971,2021-06-19,142,328,9
972,2021-06-21,1368,63,22
973,2021-06-12,286,361,4
974,2021-06-09,302,229,48
975,2021-06-08,1261,370,33
976,2021-06-22,81,114,36
977,2021-06-23,1196,114,22
978,2021-06-15,1328,173,16
979,2021-06-16,837,41,42
980,2021-06-27,199,333,20
981,2021-06-11,1461,227,10
982,2021-06-25,525,219,38
983,2021-06-11,536,320,33
984,2021-06-27,203,321,36
985,2021-06-17,1045,42,22
986,2021-06-22,405,390,43
987,2021-06-25,1477,211,4
988,2021-06-25,725,68,23
989,2021-06-21,480,116,36
990,2021-06-14,385,224,32
991,2021-06-10,1002,293,37
992,2021-07-01,255,232,38
993,2021-06-30,1490,193,19
994,2021-06-16,772,269,31
995,2021-06-26,1062,308,19
996,2021-06-20,28,235,13
997,2021-06-11,419,57,34
998,2021-06-28,855,28,3
999,2021-06-18,1452,366,28
1000,2021-06-26,810,341,24
1001,2021-07-02,15,83,14
1002,2021-06-08,1268,298,37
1003,2021-06-16,802,46,40
1004,2021-06-15,1005,199,36
1005,2021-06-16,945,341,43
1006,2021-06-13,351,16,33
1007,2021-07-05,611,230,38
1008,2021-07-02,1178,85,25
1009,2021-07-02,150,100,32
1010,2021-06-25,1142,89,45
1011,2021-06-23,1172,14,48
1012,2021-07-01,1497,82,33
1013,2021-06-12,147,126,30
1014,2021-06-09,1029,233,24
1015,2021-07-05,175,256,5
1016,2021-07-08,112,112,36
1017,2021-06-29,128,125,23
1018,2021-07-04,575,78,4
1019,2021-07-06,148,29,45
1020,2021-06-08,301,252,26
1021,2021-06-23,596,242,25
1022,2021-07-08,1363,278,4
1023,2021-06-18,340,159,30
1024,2021-06-28,91,163,9
1025,2021-07-08,213,272,5
1026,2021-06-21,779,303,45
1027,2021-06-19,1192,39,32
1028,2021-06-27,1500,266,23
1029,2021-06-29,363,242,7
1030,2021-06-22,661,199,2
1031,2021-06-25,1323,159,14
1032,2021-06-21,725,327,22
1033,2021-07-02,368,146,38
1034,2021-07-08,336,290,17
1035,2021-07-03,24,309,29
1036,2021-06-15,1017,270,4
1037,2021-07-02,971,254,28
1038,2021-06-09,1372,83,18
1039,2021-06-27,288,262,42
1040,2021-07-08,240,58,41
1041,2021-06-09,706,340,5
1042,2021-07-07,347,350,13
1043,2021-06-14,37,33,21
1044,2021-06-27,502,127,39
1045,2021-06-27,825,283,11
1046,2021-07-03,703,160,16
1047,2021-07-08,1022,304,45
1048,2021-06-28,1218,76,43
1049,2021-06-09,70,362,34
1050,2021-06-09,1461,14,4
1051,2021-06-24,1426,375,29
1052,2021-06-12,274,160,44
1053,2021-06-29,782,114,46
1054,2021-06-14,1007,145,24
1055,2021-06-22,330,70,43
1056,2021-07-05,1218,260,40
1057,2021-06-26,160,392,37
1058,2021-06-25,1104,61,41
1059,2021-06-10,667,310,7
1060,2021-06-11,1205,174,26
1061,2021-07-03,1410,22,3
1062,2021-06-17,140,53,42
1063,2021-06-15,441,99,10
1064,2021-06-28,256,194,4
1065,2021-06-28,855,363,24
1066,2021-07-01,750,179,40
1067,2021-06-30,1184,297,11
1068,2021-06-17,34,259,11
1069,2021-07-08,1297,160,45
1070,2021-06-15,86,319,29
1071,2021-07-08,1233,354,19
1072,2021-07-03,577,306,28
1073,2021-07-02,382,356,8
1074,2021-06-27,741,118,49
1075,2021-06-18,1459,311,5
1076,2021-07-03,84,246,41
1077,2021-06-19,937,131,17
1078,2021-06-09,1142,177,2
1079,2021-06-19,1431,104,48
1080,2021-06-29,95,239,43
1081,2021-07-04,887,65,12
1082,2021-06-29,386,128,50
1083,2021-06-19,736,200,7
1084,2021-06-27,1001,106,43
1085,2021-06-26,760,127,35
1086,2021-07-07,1018,120,8
1087,2021-07-08,723,281,24
1088,2021-06-25,1038,240,45
1089,2021-06-30,391,331,30
1090,2021-06-27,45,59,5
1091,2021-07-08,992,173,35
1092,2021-06-16,356,74,28
1093,2021-06-26,700,155,45
1094,2021-06-21,672,240,13
1095,2021-06-15,595,204,40
1096,2021-06-25,608,330,30
1097,2021-06-27,606,124,6
1098,2021-06-28,1180,132,10
1099,2021-06-27,1309,13,44
1100,2021-06-26,1155,306,1
1101,2021-06-18,1356,400,21
1102,2021-06-21,36,221,10
1103,2021-06-11,282,368,28
1104,2021-06-18,617,328,25
1105,2021-06-14,1344,85,34
1106,2021-06-09,1222,102,15
1107,2021-07-05,1239,301,10
1108,2021-06-26,37,153,48
1109,2021-07-06,1019,275,25
1110,2021-06-30,991,72,35
1111,2021-06-08,1011,393,41
1112,2021-06-13,383,395,27
1113,2021-06-16,1322,124,40
1114,2021-06-29,904,141,13
1115,2021-07-03,181,213,50
1116,2021-06-11,583,266,48
1117,2021-06-24,1318,187,7
1118,2021-07-04,944,290,30
1119,2021-06-11,1020,68,7
1120,2021-06-20,613,271,1
1121,2021-07-06,811,7,4
1122,2021-06-19,1032,168,5
1123,2021-07-04,234,149,35
1124,2021-06-30,383,160,40
1125,2021-06-16,1026,357,22
1126,2021-06-25,128,15,20
1127,2021-06-14,802,368,44
1128,2021-06-25,1442,379,23
1129,2021-06-28,394,38,3
1130,2021-06-17,451,20,48
1131,2021-07-03,510,256,7
1132,2021-06-17,1492,270,32
1133,2021-06-19,245,343,34
1134,2021-06-22,570,129,32
1135,2021-06-16,739,330,47
1136,2021-06-26,69,16,38
1137,2021-06-26,1413,224,6
1138,2021-06-26,617,49,48
1139,2021-06-30,413,321,30
1140,2021-06-17,491,92,9
1141,2021-07-06,913,126,33
1142,2021-06-08,1210,257,8
1143,2021-06-08,799,297,17
1144,2021-06-22,1198,218,18
1145,2021-06-29,117,8,41
1146,2021-06-30,1328,137,8
1147,2021-07-02,297,118,45
1148,2021-07-04,245,329,21
1149,2021-06-25,62,329,8
1150,2021-06-27,910,100,15
1151,2021-07-07,364,338,29
1152,2021-06-27,931,328,41
1153,2021-06-13,1251,161,45
1154,2021-06-24,1392,240,7
1155,2021-06-29,964,185,45
1156,2021-06-25,529,393,44
1157,2021-06-13,129,117,46
1158,2021-06-16,124,342,47
1159,2021-06-19,1422,215,14
1160,2021-06-24,913,333,31
1161,2021-06-09,1359,115,48
1162,2021-06-28,1290,271,29
1163,2021-06-29,953,344,33
1164,2021-06-30,969,204,6
1165,2021-07-01,818,381,39
1166,2021-06-15,624,26,26
1167,2021-06-17,1092,258,47
1168,2021-06-25,205,10,18
1169,2021-06-08,288,35,33
1170,2021-06-29,732,215,10
1171,2021-07-02,173,333,17
1172,2021-07-05,1312,195,12
1173,2021-06-16,1459,162,37
1174,2021-06-26,1179,204,46
1175,2021-06-18,235,327,20
1176,2021-07-04,442,230,28
1177,2021-06-16,83,189,46
1178,2021-06-15,262,67,47
1179,2021-06-23,845,156,9
1180,2021-07-07,284,367,27
1181,2021-06-14,51,223,48
1182,2021-06-21,1379,15,3
1183,2021-06-15,60,229,28
1184,2021-06-27,883,112,18
1185,2021-06-14,127,18,28
1186,2021-06-23,1227,130,23
1187,2021-06-24,85,67,29
1188,2021-06-18,1483,139,45
1189,2021-06-16,579,394,2
1190,2021-06-08,575,195,26
1191,2021-07-02,1473,7,13
1192,2021-06-13,203,90,3
1193,2021-06-30,1047,165,7
1194,2021-06-13,677,135,16
1195,2021-06-29,27,242,14
1196,2021-06-20,970,95,27
1197,2021-06-17,551,104,13
1198,2021-07-04,212,207,41
1199,2021-06-11,1218,196,26
1200,2021-06-11,681,208,1
1201,2021-07-04,29,335,4
1202,2021-06-20,383,253,7
1203,2021-06-19,1001,188,32
1204,2021-06-18,1195,205,8
1205,2021-06-27,1083,36,25
1206,2021-06-15,514,278,1
1207,2021-06-24,1241,214,13
1208,2021-06-29,1028,371,18
1209,2021-07-01,1393,349,43
1210,2021-06-14,25,22,32
1211,2021-06-16,614,123,6
1212,2021-06-16,966,369,31
1213,2021-06-19,961,226,16
1214,2021-06-15,1068,383,35
1215,2021-06-15,557,55,47
1216,2021-06-22,285,312,16
1217,2021-06-19,365,16,4
1218,2021-06-15,1490,399,49
1219,2021-07-05,819,213,4
1220,2021-07-08,681,336,20
1221,2021-06-18,94,173,12
1222,2021-06-29,1169,89,28
1223,2021-06-14,492,327,34
1224,2021-07-01,265,122,30
1225,2021-07-07,80,86,4
1226,2021-06-10,1274,22,28
1227,2021-07-06,877,118,22
1228,2021-06-20,1264,143,26
1229,2021-06-30,1037,325,46
1230,2021-07-07,215,385,22
1231,2021-06-10,1344,310,35
1232,2021-06-09,430,42,13
1233,2021-06-24,1067,83,34
1234,2021-07-01,1145,100,19
1235,2021-07-06,1025,92,14
1236,2021-06-28,525,190,32
1237,2021-07-04,609,9,1
1238,2021-06-20,262,171,31
1239,2021-06-27,813,189,11
1240,2021-06-12,93,81,22
1241,2021-07-07,653,188,35
1242,2021-06-15,1062,399,34
1243,2021-06-20,728,35,5
1244,2021-06-11,1488,381,12
1245,2021-06-10,636,122,16
1246,2021-06-16,501,197,5
1247,2021-06-30,1413,332,13
1248,2021-07-06,212,217,24
1249,2021-06-21,102,204,16
1250,2021-06-10,365,175,36
1251,2021-06-30,407,205,14
1252,2021-06-21,623,195,33
1253,2021-06-15,139,290,43
1254,2021-06-11,431,216,46
1255,2021-06-09,1169,121,24
1256,2021-06-10,158,153,23
1257,2021-06-12,1499,54,50
1258,2021-06-25,856,148,42
1259,2021-06-20,42,374,26
1260,2021-06-20,663,299,4
1261,2021-06-10,233,121,31
1262,2021-06-08,881,156,13
1263,2021-06-24,376,8,47
1264,2021-06-21,789,277,21
1265,2021-06-12,1415,272,43
1266,2021-06-30,1166,354,48
1267,2021-06-11,379,201,24
1268,2021-07-08,1051,224,17
1269,2021-06-15,755,258,25
1270,2021-06-08,1042,173,21
1271,2021-06-20,1437,399,44
1272,2021-07-02,80,299,37
1273,2021-06-12,547,237,13
1274,2021-06-23,774,227,50
1275,2021-07-02,1180,172,16
1276,2021-06-11,564,160,4
1277,2021-06-27,621,235,16
1278,2021-06-21,100,42,10
1279,2021-06-30,1185,323,15
1280,2021-06-12,436,382,18
1281,2021-06-16,588,378,34
1282,2021-06-10,47,143,5
1283,2021-07-04,553,337,14
1284,2021-06-25,986,11,26
1285,2021-06-30,1227,202,10
1286,2021-06-25,854,102,23
1287,2021-06-09,1485,272,4
1288,2021-06-16,24,151,22
1289,2021-06-21,19,217,49
1290,2021-06-15,1072,345,34
1291,2021-07-02,733,325,33
1292,2021-06-25,424,76,32
1293,2021-06-24,748,374,27
1294,2021-07-04,843,132,35
1295,2021-06-25,650,78,26
1296,2021-06-14,99,364,5
1297,2021-06-20,833,349,19
1298,2021-06-19,1176,252,34
1299,2021-06-08,934,370,2
1300,2021-06-22,398,60,16
1301,2021-07-03,1432,79,44
1302,2021-06-13,889,235,37
1303,2021-06-25,1131,176,35
1304,2021-07-08,221,114,28
1305,2021-06-25,828,136,38
1306,2021-06-28,121,16,16
1307,2021-06-27,351,10,46
1308,2021-06-10,773,110,26
1309,2021-06-28,643,277,21
1310,2021-06-30,713,37,25
1311,2021-06-23,1171,191,24
1312,2021-07-07,968,236,18
1313,2021-06-26,1153,385,47
1314,2021-06-13,900,133,32
1315,2021-06-23,616,152,28
1316,2021-06-14,317,268,18
1317,2021-06-14,377,124,40
1318,2021-06-24,1128,321,35
1319,2021-06-19,1234,154,6
1320,2021-07-07,611,15,12
1321,2021-06-15,1394,143,37
1322,2021-06-24,230,266,14
1323,2021-06-30,1416,13,10
1324,2021-07-01,865,142,1
1325,2021-07-03,1111,211,39
1326,2021-07-08,1444,366,10
1327,2021-06-17,298,334,10
1328,2021-07-03,394,238,42
1329,2021-06-15,641,94,24
1330,2021-06-21,620,369,46
1331,2021-06-10,1337,186,28
1332,2021-07-01,953,328,20
1333,2021-06-09,774,341,26
1334,2021-06-14,1282,365,32
1335,2021-06-22,1397,82,24
1336,2021-06-21,566,121,50
1337,2021-07-05,993,394,18
1338,2021-07-07,595,118,46
1339,2021-06-10,708,375,10
1340,2021-06-26,262,33,41
1341,2021-07-04,1124,42,4
1342,2021-06-16,222,256,27
1343,2021-07-02,588,263,37
1344,2021-07-08,977,125,21
1345,2021-06-20,47,218,18
1346,2021-06-12,608,169,15
1347,2021-06-29,889,152,32
1348,2021-06-15,738,196,33
1349,2021-06-18,30,400,36
1350,2021-06-20,1008,238,8
1351,2021-07-07,1310,303,42
1352,2021-06-25,834,225,34
1353,2021-06-15,967,377,30
1354,2021-06-30,1009,23,7
1355,2021-06-08,69,107,49
1356,2021-06-27,246,105,22
1357,2021-06-12,1354,36,38
1358,2021-06-29,600,105,27
1359,2021-06-30,149,189,37
1360,2021-06-20,1050,171,11
1361,2021-07-05,956,38,35
1362,2021-07-06,104,334,4
1363,2021-06-22,1228,156,40
1364,2021-06-27,1086,99,1
1365,2021-06-24,748,207,10
1366,2021-06-25,1195,204,19
1367,2021-06-13,600,322,15
1368,2021-07-01,611,344,20
1369,2021-07-06,498,254,26
1370,2021-07-04,574,191,5
1371,2021-07-05,618,290,19
1372,2021-07-08,962,137,33
1373,2021-07-07,1062,38,21
1374,2021-06-24,534,102,28
1375,2021-07-02,902,392,13
1376,2021-06-08,999,350,24
1377,2021-06-29,1078,272,9
1378,2021-07-01,678,224,48
1379,2021-06-24,986,146,6
1380,2021-06-13,335,176,15
1381,2021-06-26,1072,115,6
1382,2021-06-17,223,325,50
1383,2021-06-10,1389,69,37
1384,2021-06-28,1061,21,32
1385,2021-06-10,1187,269,23
1386,2021-07-07,460,157,42
1387,2021-07-02,1287,34,17
1388,2021-06-21,1478,296,3
1389,2021-06-09,1256,58,37
1390,2021-06-23,762,328,33
1391,2021-06-25,24,287,45
1392,2021-06-20,1129,153,50
1393,2021-06-12,274,295,46
1394,2021-06-23,589,207,9
1395,2021-06-22,810,390,29
1396,2021-06-20,1149,247,2
1397,2021-07-03,536,264,24
1398,2021-07-08,678,293,24
1399,2021-06-13,433,318,19
1400,2021-06-22,87,92,26
1401,2021-06-29,1440,195,26
1402,2021-06-14,582,108,44
1403,2021-06-12,865,25,34
1404,2021-06-19,122,345,27
1405,2021-06-28,235,25,41
1406,2021-06-23,267,203,27
1407,2021-06-29,1149,125,21
1408,2021-07-06,383,391,44
1409,2021-06-22,335,114,50
1410,2021-06-25,220,332,31
1411,2021-07-01,985,21,26
1412,2021-06-27,1023,268,1
1413,2021-06-22,253,13,48
1414,2021-06-28,215,329,16
1415,2021-06-24,1107,100,10
1416,2021-06-25,3,224,28
1417,2021-06-24,102,82,21
1418,2021-07-08,611,294,42
1419,2021-07-05,685,344,20
1420,2021-06-26,474,345,41
1421,2021-06-14,716,41,44
1422,2021-06-19,102,115,14
1423,2021-06-22,708,55,31
1424,2021-06-26,215,149,11
1425,2021-06-23,518,29,16
1426,2021-06-25,154,282,30
1427,2021-06-11,243,60,23
1428,2021-07-04,49,109,17
1429,2021-07-07,692,47,16
1430,2021-06-17,1454,54,50
1431,2021-06-24,1171,70,25
1432,2021-06-21,223,62,50
1433,2021-06-14,689,348,29
1434,2021-06-09,272,57,42
1435,2021-06-11,616,230,2
1436,2021-06-10,927,295,46
1437,2021-06-09,731,394,40
1438,2021-06-12,225,400,1
1439,2021-06-25,441,122,47
1440,2021-07-07,160,389,22
1441,2021-07-05,1138,188,44
1442,2021-06-24,360,307,21
1443,2021-07-05,921,39,29
1444,2021-06-21,282,86,8
1445,2021-06-30,1188,372,33
1446,2021-06-28,97,200,11
1447,2021-06-28,1320,257,2
1448,2021-06-23,442,293,38
1449,2021-06-14,1051,298,30
1450,2021-06-18,478,58,10
1451,2021-06-19,723,348,1
1452,2021-06-16,461,56,14
1453,2021-06-22,689,331,41
1454,2021-06-27,547,287,48
1455,2021-06-27,1170,175,11
1456,2021-06-21,543,360,13
1457,2021-06-19,365,79,40
1458,2021-06-19,453,121,1
1459,2021-06-17,740,355,36
1460,2021-07-05,637,273,27
1461,2021-06-24,968,238,34
1462,2021-06-11,564,320,34
1463,2021-06-22,365,398,21
1464,2021-07-05,1155,276,25
1465,2021-06-26,677,47,20
1466,2021-06-20,694,389,30
1467,2021-06-17,1209,24,13
1468,2021-06-22,645,255,22
1469,2021-06-10,48,311,49
1470,2021-07-07,1150,391,38
1471,2021-06-09,774,154,20
1472,2021-06-18,1171,376,30
1473,2021-06-21,439,184,33
1474,2021-06-29,1188,265,14
1475,2021-06-22,1033,330,38
1476,2021-07-08,640,184,16
1477,2021-06-25,985,67,50
1478,2021-07-07,85,7,6
1479,2021-06-17,1379,258,19
1480,2021-07-06,824,220,28
1481,2021-07-04,1114,105,29
1482,2021-06-08,1216,375,41
1483,2021-06-22,1261,160,31
1484,2021-06-17,684,52,12
1485,2021-06-14,1230,75,19
1486,2021-06-24,1264,34,43
1487,2021-06-25,647,82,47
1488,2021-06-13,248,370,42
1489,2021-06-21,313,168,30
1490,2021-06-08,857,62,12
1491,2021-06-18,1149,72,26
1492,2021-06-14,36,159,5
1493,2021-06-12,318,239,23
1494,2021-06-23,440,250,25
1495,2021-06-28,1163,131,49
1496,2021-06-30,937,351,40
1497,2021-07-08,532,266,2
1498,2021-06-10,761,368,42
1499,2021-07-03,624,336,35
1500,2021-06-23,882,98,39
1501,2021-06-29,708,144,18
1502,2021-06-23,45,181,23
1503,2021-07-06,141,144,42
1504,2021-06-16,791,101,4
1505,2021-07-07,1141,326,4
1506,2021-06-10,117,93,8
1507,2021-06-30,1034,187,12
1508,2021-06-29,39,95,37
1509,2021-06-22,702,145,9
1510,2021-06-20,431,134,50
1511,2021-06-15,998,102,36
1512,2021-06-18,684,253,3
1513,2021-07-04,165,380,50
1514,2021-06-16,382,185,41
1515,2021-06-08,551,262,47
1516,2021-06-27,81,270,48
1517,2021-06-18,335,354,13
1518,2021-06-28,189,288,20
1519,2021-06-27,11,196,45
1520,2021-06-18,563,253,14
1521,2021-06-23,128,311,14
1522,2021-06-19,1067,16,24
1523,2021-06-14,115,8,49
1524,2021-07-07,42,235,2
1525,2021-06-26,1035,106,22
1526,2021-06-24,1055,24,47
1527,2021-06-13,1350,204,6
1528,2021-06-17,32,237,44
1529,2021-06-22,1400,196,27
1530,2021-07-06,1211,53,1
1531,2021-06-20,907,73,12
1532,2021-06-12,1322,342,3
1533,2021-06-26,1435,184,24
1534,2021-06-09,389,181,41
1535,2021-07-06,1009,382,13
1536,2021-06-12,1015,277,24
1537,2021-06-26,1107,120,38
1538,2021-06-08,998,257,48
1539,2021-06-20,1152,375,23
1540,2021-06-23,606,317,28
1541,2021-06-22,1349,138,44
1542,2021-06-11,1362,14,16
1543,2021-07-03,662,122,26
1544,2021-07-01,378,386,50
1545,2021-06-30,829,147,41
1546,2021-06-19,478,79,42
1547,2021-06-22,1397,93,20
1548,2021-07-02,499,214,37
1549,2021-06-22,1309,236,28
1550,2021-06-13,1294,320,19
1551,2021-06-30,1466,188,37
1552,2021-06-27,129,62,26
1553,2021-06-26,498,264,15
1554,2021-07-06,425,122,19
1555,2021-06-16,1305,171,43
1556,2021-07-04,667,31,7
1557,2021-07-05,970,238,3
1558,2021-06-30,130,162,34
1559,2021-06-14,221,17,8
1560,2021-06-19,757,84,32
1561,2021-06-28,658,232,45
1562,2021-06-20,207,124,7
1563,2021-06-15,343,319,18
1564,2021-07-04,594,254,46
1565,2021-06-14,1258,323,39
1566,2021-06-28,244,113,4
1567,2021-06-12,713,332,24
1568,2021-07-08,435,229,15
1569,2021-06-28,972,283,31
1570,2021-06-30,1448,178,47
1571,2021-06-14,477,150,15
1572,2021-06-20,983,316,20
1573,2021-06-08,111,388,44
1574,2021-07-05,1255,39,10
1575,2021-06-13,1377,203,24
1576,2021-06-22,1317,61,13
1577,2021-06-15,298,167,41
1578,2021-06-25,363,100,40
1579,2021-06-20,9,78,38
1580,2021-07-02,1494,285,16
1581,2021-06-24,485,393,35
1582,2021-06-16,1373,66,6
1583,2021-06-19,256,74,42
1584,2021-06-29,507,38,21
1585,2021-07-02,122,63,32
1586,2021-07-04,1200,143,22
1587,2021-07-08,677,240,28
1588,2021-06-29,1357,53,4
1589,2021-06-18,1408,104,3
1590,2021-07-02,1480,315,34
1591,2021-06-22,948,265,28
1592,2021-07-01,247,394,48
1593,2021-06-29,1090,246,15
1594,2021-06-27,580,233,1
1595,2021-07-05,152,67,28
1596,2021-06-20,1204,226,29
1597,2021-07-03,1101,392,6
1598,2021-07-01,192,336,27
1599,2021-06-09,249,241,29
1600,2021-06-09,969,62,47
1601,2021-06-11,1261,383,31
1602,2021-06-22,4,281,29
1603,2021-06-21,1102,11,21
1604,2021-06-30,995,127,50
1605,2021-06-24,792,162,39
1606,2021-06-10,578,380,22
1607,2021-06-19,529,372,48
1608,2021-06-22,1375,76,17
1609,2021-06-19,985,393,45
1610,2021-06-25,1098,377,31
1611,2021-07-08,694,56,12
1612,2021-06-08,1073,41,34
1613,2021-06-23,908,197,4
1614,2021-06-09,948,327,8
1615,2021-06-23,146,68,15
1616,2021-07-06,582,133,29
1617,2021-06-30,1178,112,14
1618,2021-06-19,1184,37,42
1619,2021-06-27,151,296,36
1620,2021-06-17,840,61,48
1621,2021-07-03,9,158,21
1622,2021-06-27,1247,24,47
1623,2021-06-28,1455,212,13
1624,2021-06-25,1172,234,23
1625,2021-06-29,308,242,12
1626,2021-06-25,116,205,9
1627,2021-06-25,1496,74,39
1628,2021-07-01,1143,282,4
1629,2021-06-12,226,364,10
1630,2021-07-08,1194,326,7
1631,2021-07-06,756,82,36
1632,2021-07-02,400,262,32
1633,2021-06-15,411,279,18
1634,2021-07-05,965,348,35
1635,2021-06-09,1325,53,3
1636,2021-06-16,914,279,26
1637,2021-06-24,344,59,12
1638,2021-06-13,714,360,42
1639,2021-06-22,169,33,49
1640,2021-06-14,818,152,19
1641,2021-06-11,287,257,21
1642,2021-06-10,610,380,42
1643,2021-06-25,23,32,4
1644,2021-06-26,1176,185,27
1645,2021-06-10,232,147,32
1646,2021-06-26,1246,139,50
1647,2021-06-26,993,272,33
1648,2021-06-29,292,211,8
1649,2021-06-12,628,223,10
1650,2021-06-17,917,43,14
1651,2021-06-25,1079,41,39
1652,2021-07-05,358,95,26
1653,2021-06-28,1431,244,36
1654,2021-06-16,388,362,8
1655,2021-07-01,245,182,39
1656,2021-07-08,59,385,44
1657,2021-06-28,680,215,16
1658,2021-06-16,545,349,13
1659,2021-06-09,1162,38,9
1660,2021-06-19,1351,290,7
1661,2021-06-21,692,2,45
1662,2021-07-01,790,307,31
1663,2021-07-02,983,45,48
1664,2021-06-12,1205,84,43
1665,2021-06-16,1422,258,2
1666,2021-06-14,1479,102,34
1667,2021-06-23,586,192,5
1668,2021-06-18,744,327,38
1669,2021-06-20,689,252,7
1670,2021-06-25,1121,364,14
1671,2021-06-28,370,53,32
1672,2021-06-08,732,105,19
1673,2021-06-24,464,43,9
1674,2021-06-22,255,382,9
1675,2021-07-06,1313,146,5
1676,2021-06-21,777,307,38
1677,2021-06-19,351,287,32
1678,2021-06-24,1478,335,16
1679,2021-07-07,1461,305,19
1680,2021-06-27,682,259,29
1681,2021-06-25,883,313,33
1682,2021-06-12,1305,285,3
1683,2021-06-14,818,92,17
1684,2021-07-07,209,175,50
1685,2021-06-09,338,398,35
1686,2021-07-04,459,9,19
1687,2021-06-24,442,125,27
1688,2021-07-07,1046,239,20
1689,2021-07-07,1057,92,14
1690,2021-07-05,325,51,2
1691,2021-06-11,889,126,11
1692,2021-06-30,1372,20,43
1693,2021-06-19,546,355,49
1694,2021-06-26,420,138,24
1695,2021-06-28,1208,158,4
1696,2021-06-17,615,171,2
1697,2021-06-16,73,110,17
1698,2021-06-27,10,375,9
1699,2021-07-01,619,326,28
1700,2021-06-14,1328,356,44
1701,2021-07-05,476,257,18
1702,2021-07-01,28,222,36
1703,2021-06-14,1028,72,8
1704,2021-06-15,697,282,16
1705,2021-06-13,1051,386,42
1706,2021-06-20,854,103,38
1707,2021-07-02,314,175,21
1708,2021-06-20,459,335,8
1709,2021-07-08,196,25,41
1710,2021-06-29,57,221,26
1711,2021-06-27,1058,97,20
1712,2021-06-19,922,369,15
1713,2021-06-23,62,244,35
1714,2021-06-24,712,251,12
1715,2021-06-23,398,104,16
1716,2021-07-03,59,188,20
1717,2021-06-11,696,242,32
1718,2021-06-11,20,39,1
1719,2021-06-27,237,192,38
1720,2021-06-22,101,355,29
1721,2021-06-21,1270,183,17
1722,2021-07-03,954,162,46
1723,2021-06-15,1251,57,20
1724,2021-06-09,739,107,34
1725,2021-06-18,1305,77,39
1726,2021-06-10,756,396,25
1727,2021-07-01,812,12,16
1728,2021-06-10,737,46,32
1729,2021-06-15,1229,172,48
1730,2021-06-19,82,348,27
1731,2021-06-08,1004,246,2
1732,2021-06-24,65,259,38
1733,2021-07-01,758,248,3
1734,2021-06-14,637,349,47
1735,2021-06-12,1146,203,26
1736,2021-06-27,764,71,9
1737,2021-06-10,32,393,24
1738,2021-06-27,268,296,18
1739,2021-07-02,1363,374,38
1740,2021-06-24,753,83,48
1741,2021-06-25,514,5,2
1742,2021-07-06,273,22,33
1743,2021-06-26,51,150,14
1744,2021-07-03,708,99,32
1745,2021-06-10,456,55,25
1746,2021-06-10,869,241,46
1747,2021-06-13,1211,154,28
1748,2021-06-30,1407,16,20
1749,2021-07-07,1119,393,43
1750,2021-06-14,1213,3,30
1751,2021-06-17,94,288,8
1752,2021-06-14,1111,341,38
1753,2021-06-18,394,267,32
1754,2021-06-19,702,120,41
1755,2021-06-14,1362,300,20
1756,2021-07-04,743,273,36
1757,2021-06-19,781,207,7
1758,2021-06-27,1163,194,22
1759,2021-06-22,410,257,11
1760,2021-07-08,478,280,28
1761,2021-06-21,1422,313,2
1762,2021-07-07,1017,313,2
1763,2021-07-03,676,335,34
1764,2021-07-08,1354,85,10
1765,2021-06-10,822,287,3
1766,2021-06-16,163,217,41
1767,2021-07-04,1032,151,20
1768,2021-06-09,372,336,16
1769,2021-06-14,58,267,33
1770,2021-07-08,723,236,49
1771,2021-06-17,436,215,39
1772,2021-06-20,92,181,21
1773,2021-07-02,1464,299,49
1774,2021-06-22,440,86,24
1775,2021-06-11,1410,181,47
1776,2021-06-20,750,389,37
1777,2021-06-25,527,309,37
1778,2021-06-27,434,250,18
1779,2021-07-06,993,386,15
1780,2021-06-15,191,270,11
1781,2021-06-11,840,56,29
1782,2021-06-10,1313,209,27
1783,2021-06-29,367,242,24
1784,2021-06-29,439,128,13
1785,2021-07-05,50,286,5
1786,2021-07-08,264,385,46
1787,2021-06-29,1091,212,21
1788,2021-06-28,230,124,35
1789,2021-06-29,786,112,19
1790,2021-06-18,1297,248,35
1791,2021-06-12,1341,261,6
1792,2021-06-21,8,176,24
1793,2021-07-04,471,219,40
1794,2021-07-01,1377,58,18
1795,2021-06-14,489,178,48
1796,2021-06-18,816,70,8
1797,2021-07-08,473,246,35
1798,2021-07-03,995,90,49
1799,2021-07-05,499,91,42
1800,2021-06-16,236,239,27
1801,2021-06-13,1088,157,39
1802,2021-06-24,887,128,41
1803,2021-07-07,774,230,15
1804,2021-06-27,1203,268,29
1805,2021-06-12,616,281,49
1806,2021-07-06,1456,213,10
1807,2021-07-05,442,1,28
1808,2021-07-07,107,245,9
1809,2021-07-03,539,230,44
1810,2021-06-19,847,332,37
1811,2021-07-01,980,283,32
1812,2021-07-03,196,348,17
1813,2021-07-06,308,296,3
1814,2021-06-14,611,389,22
1815,2021-06-29,501,144,44
1816,2021-06-10,1205,118,8
1817,2021-06-21,1417,181,22
1818,2021-06-08,1479,374,1
1819,2021-07-01,551,154,36
1820,2021-06-24,1421,268,14
1821,2021-07-08,1368,140,28
1822,2021-07-08,954,399,7
1823,2021-07-01,803,355,38
1824,2021-07-05,586,253,40
1825,2021-06-12,1319,265,43
1826,2021-07-08,1129,301,50
1827,2021-07-05,162,388,17
1828,2021-07-07,331,161,1
1829,2021-06-25,112,356,49
1830,2021-06-08,838,360,17
1831,2021-06-19,1253,351,11
1832,2021-07-03,648,283,29
1833,2021-06-22,761,21,2
1834,2021-06-08,779,194,32
1835,2021-06-12,430,353,50
1836,2021-06-21,489,13,15
1837,2021-06-22,148,41,41
1838,2021-06-15,315,217,16
1839,2021-06-13,754,321,29
1840,2021-07-04,91,3,44
1841,2021-06-16,1167,295,17
1842,2021-07-05,834,71,15
1843,2021-06-09,1433,210,44
1844,2021-07-08,198,239,22
1845,2021-06-28,495,391,21
1846,2021-06-19,81,301,14
1847,2021-07-03,347,289,40
1848,2021-06-25,51,343,25
1849,2021-06-24,1212,36,5
1850,2021-06-18,346,384,7
1851,2021-06-28,321,115,23
1852,2021-06-30,539,329,38
1853,2021-06-14,672,291,27
1854,2021-06-26,864,339,26
1855,2021-06-29,1333,159,49
1856,2021-07-07,1082,323,32
1857,2021-06-15,470,141,25
1858,2021-06-17,1258,240,19
1859,2021-06-25,162,184,27
1860,2021-06-09,1387,183,25
1861,2021-06-29,901,293,3
1862,2021-07-01,682,287,24
1863,2021-07-01,311,44,5
1864,2021-06-28,158,200,16
1865,2021-06-15,522,366,46
1866,2021-06-20,877,299,18
1867,2021-06-21,736,175,41
1868,2021-06-20,1321,62,17
1869,2021-06-29,190,240,10
1870,2021-06-24,641,215,9
1871,2021-07-02,321,386,44
1872,2021-06-20,1160,55,48
1873,2021-06-28,1163,118,6
1874,2021-07-02,871,260,41
1875,2021-06-11,638,66,40
1876,2021-06-30,1097,12,36
1877,2021-07-03,747,166,38
1878,2021-07-04,985,26,14
1879,2021-07-02,1302,153,48
1880,2021-06-24,584,193,31
1881,2021-07-06,6,134,34
1882,2021-06-13,1348,351,14
1883,2021-06-26,561,375,42
1884,2021-06-12,67,126,42
1885,2021-07-02,82,188,49
1886,2021-06-14,464,354,25
1887,2021-06-10,1122,394,30
1888,2021-06-11,1109,14,27
1889,2021-07-04,1113,241,18
1890,2021-06-23,527,107,46
1891,2021-07-01,1253,88,40
1892,2021-07-06,1382,282,6
1893,2021-06-19,119,321,5
1894,2021-06-12,894,362,17
1895,2021-06-21,236,216,19
1896,2021-06-11,289,211,48
1897,2021-06-20,883,143,9
1898,2021-06-26,1099,237,2
1899,2021-06-14,1356,100,48
1900,2021-07-03,89,114,29
1901,2021-07-08,594,139,33
1902,2021-06-18,25,361,24
1903,2021-06-19,1209,72,41
1904,2021-06-10,75,283,39
1905,2021-06-10,836,237,39
1906,2021-06-18,857,210,2
1907,2021-06-30,337,291,20
1908,2021-07-06,118,175,24
1909,2021-06-09,1453,119,23
1910,2021-06-13,488,325,16
1911,2021-07-03,855,275,14
1912,2021-07-02,608,106,38
1913,2021-06-16,1379,387,34
1914,2021-06-30,1463,118,50
1915,2021-07-08,479,73,28
1916,2021-06-29,1039,346,35
1917,2021-06-28,423,22,25
1918,2021-06-30,725,12,15
1919,2021-06-16,836,53,39
1920,2021-06-11,1233,18,10
1921,2021-06-25,1248,278,3
1922,2021-06-09,904,311,36
1923,2021-06-20,516,23,17
1924,2021-06-30,250,23,44
1925,2021-06-15,600,40,10
1926,2021-06-24,713,192,30
1927,2021-06-28,936,93,49
1928,2021-06-08,751,128,3
1929,2021-06-15,522,316,27
1930,2021-07-03,581,196,24
1931,2021-06-13,1250,200,23
1932,2021-06-11,1319,234,16
1933,2021-06-20,939,6,9
1934,2021-06-24,713,210,41
1935,2021-06-26,458,214,31
1936,2021-07-08,1351,266,42
1937,2021-07-07,158,115,36
1938,2021-06-20,1187,312,8
1939,2021-07-06,1070,221,48
1940,2021-07-06,319,5,47
1941,2021-06-23,797,334,35
1942,2021-06-08,657,389,17
1943,2021-07-05,708,206,49
1944,2021-07-08,601,21,38
1945,2021-06-19,1489,70,26
1946,2021-06-29,1275,194,6
1947,2021-06-28,965,29,10
1948,2021-06-25,981,287,50
1949,2021-06-18,269,54,21
1950,2021-07-06,17,375,32
1951,2021-06-10,41,232,4
1952,2021-06-21,1013,362,22
1953,2021-06-14,970,305,44
1954,2021-07-02,1129,323,34
1955,2021-06-20,70,327,23
1956,2021-07-02,547,270,50
1957,2021-06-11,579,155,4
1958,2021-06-14,1435,18,42
1959,2021-06-30,921,35,12
1960,2021-06-08,1254,282,24
1961,2021-06-18,255,124,43
1962,2021-07-03,105,363,46
1963,2021-07-04,285,308,5
1964,2021-06-29,1316,193,27
1965,2021-07-03,1221,264,1
1966,2021-06-18,115,31,24
1967,2021-06-27,940,72,24
1968,2021-06-24,949,279,34
1969,2021-07-05,1132,205,21
1970,2021-06-08,464,383,17
1971,2021-07-08,1100,373,38
1972,2021-06-19,1285,364,41
1973,2021-06-30,371,287,6
1974,2021-07-02,1241,389,21
1975,2021-06-27,4,296,1
1976,2021-06-10,190,3,34
1977,2021-06-16,960,30,11
1978,2021-06-12,1227,117,23
1979,2021-07-07,681,279,3
1980,2021-06-22,904,5,19
1981,2021-06-09,19,164,22
1982,2021-06-27,775,223,44
1983,2021-07-06,522,306,38
1984,2021-06-09,896,146,44
1985,2021-06-30,1248,369,15
1986,2021-07-05,123,369,3
1987,2021-06-09,1307,291,28
1988,2021-06-22,114,309,6
1989,2021-06-26,1034,114,7
1990,2021-06-13,783,400,35
1991,2021-06-22,397,236,28
1992,2021-07-05,1213,11,30
1993,2021-06-11,837,368,30
1994,2021-06-10,186,55,17
1995,2021-07-04,1440,20,42
1996,2021-06-15,496,119,14
1997,2021-06-21,1171,308,35
1998,2021-06-30,1089,148,8
1999,2021-06-15,606,219,11
2000,2021-06-08,606,167,20
2001,2021-06-25,367,379,29
2002,2021-06-29,1066,265,12
2003,2021-06-22,856,2,20
2004,2021-06-28,857,111,32
2005,2021-06-28,835,18,24
2006,2021-06-23,467,390,37
2007,2021-06-08,1219,13,2
2008,2021-06-16,1174,163,48
2009,2021-06-13,908,124,46
2010,2021-06-19,1283,333,36
2011,2021-07-08,631,196,27
2012,2021-07-02,893,256,14
2013,2021-06-23,264,268,37
2014,2021-06-14,1362,131,49
2015,2021-07-04,305,57,15
2016,2021-06-10,910,190,41
2017,2021-06-16,476,344,17
2018,2021-06-24,776,281,9
2019,2021-07-02,1239,11,34
2020,2021-06-25,564,297,20
2021,2021-06-20,1338,3,19
2022,2021-06-23,361,219,6
2023,2021-07-07,1161,178,7
2024,2021-07-05,859,103,34
2025,2021-06-28,687,184,45
2026,2021-06-17,1065,124,28
2027,2021-06-29,1026,87,10
2028,2021-07-07,608,249,39
2029,2021-07-04,483,309,1
2030,2021-06-20,1275,21,16
2031,2021-07-06,1343,201,25
2032,2021-06-13,843,50,44
2033,2021-06-11,104,138,19
2034,2021-06-29,1360,358,34
2035,2021-06-18,83,99,4
2036,2021-06-13,98,391,50
2037,2021-07-01,447,229,43
2038,2021-06-30,669,107,3
2039,2021-06-24,1488,228,34
2040,2021-07-02,742,15,2
2041,2021-06-13,827,183,13
2042,2021-06-24,1063,366,30
2043,2021-06-17,1452,302,40
2044,2021-07-03,812,390,32
2045,2021-07-02,1090,97,17
2046,2021-07-02,827,329,16
2047,2021-07-07,429,221,48
2048,2021-06-08,80,70,38
2049,2021-06-12,95,292,20
2050,2021-07-04,594,251,31
2051,2021-06-12,1144,28,42
2052,2021-06-15,248,14,19
2053,2021-06-29,1354,122,8
2054,2021-06-26,1411,209,37
2055,2021-06-15,563,329,19
2056,2021-06-14,352,8,4
2057,2021-07-03,1295,11,7
2058,2021-06-22,1037,274,15
2059,2021-06-11,711,210,4
2060,2021-07-04,657,35,1
2061,2021-06-13,526,248,7
2062,2021-06-16,881,355,31
2063,2021-07-07,710,339,43
2064,2021-06-13,1261,123,15
2065,2021-06-29,38,53,7
2066,2021-06-13,731,19,1
2067,2021-07-08,556,226,39
2068,2021-06-22,198,77,28
2069,2021-06-08,1261,321,17
2070,2021-07-05,133,239,15
2071,2021-06-19,254,72,24
2072,2021-07-07,955,73,48
2073,2021-06-26,1247,330,39
2074,2021-07-04,988,267,8
2075,2021-06-09,1419,297,9
2076,2021-06-09,793,92,23
2077,2021-07-06,174,122,50
2078,2021-07-08,311,287,47
2079,2021-06-21,1049,378,32
2080,2021-06-20,140,97,40
2081,2021-06-30,373,40,14
2082,2021-06-11,1209,207,25
2083,2021-06-14,1367,349,39
2084,2021-06-19,289,354,17
2085,2021-06-16,108,243,35
2086,2021-06-30,4,230,5
2087,2021-06-13,884,224,27
2088,2021-06-24,666,328,4
2089,2021-06-27,52,118,46
2090,2021-06-24,480,137,28
2091,2021-06-24,887,110,26
2092,2021-06-09,36,125,41
2093,2021-06-13,203,67,23
2094,2021-07-04,761,81,46
2095,2021-06-21,1326,263,16
2096,2021-07-02,1216,112,37
2097,2021-07-08,868,318,28
2098,2021-06-08,456,182,25
2099,2021-06-28,1341,97,27
2100,2021-06-16,1263,144,28
2101,2021-06-30,1294,377,45
2102,2021-06-14,556,156,47
2103,2021-06-30,1244,364,15
2104,2021-06-22,291,39,26
2105,2021-06-19,742,104,6
2106,2021-07-07,1078,356,22
2107,2021-06-29,842,20,16
2108,2021-06-16,271,111,14
2109,2021-07-04,24,228,5
2110,2021-06-21,647,103,40
2111,2021-07-01,934,375,42
2112,2021-06-25,921,26,36
2113,2021-06-10,1283,317,25
2114,2021-07-02,644,81,35
2115,2021-06-29,253,117,3
2116,2021-06-21,13,328,41
2117,2021-06-26,114,259,28
2118,2021-06-30,363,196,14
2119,2021-06-13,717,215,25
2120,2021-06-23,962,49,17
2121,2021-07-02,42,326,22
2122,2021-07-08,828,379,16
2123,2021-06-25,651,338,43
2124,2021-06-30,60,211,37
2125,2021-07-04,634,107,37
2126,2021-07-07,1136,336,31
2127,2021-06-29,873,203,15
2128,2021-07-05,717,271,3
2129,2021-06-29,299,332,25
2130,2021-06-23,8,136,17
2131,2021-06-20,577,386,16
2132,2021-06-16,190,334,5
2133,2021-06-17,89,87,25
2134,2021-06-11,523,84,16
2135,2021-06-13,864,160,10
2136,2021-06-14,123,83,43
2137,2021-07-08,1469,87,35
2138,2021-06-10,491,399,47
2139,2021-06-23,1346,81,35
2140,2021-06-17,1105,383,8
2141,2021-06-14,1081,367,32
2142,2021-06-09,432,135,31
2143,2021-06-13,832,310,45
2144,2021-07-08,1364,327,37
2145,2021-07-02,525,11,35
2146,2021-06-11,1487,44,4
2147,2021-06-22,390,191,36
2148,2021-06-14,1207,89,6
2149,2021-07-01,391,42,50
2150,2021-06-20,39,315,40
2151,2021-06-22,145,320,5
2152,2021-06-18,587,219,47
2153,2021-07-01,280,61,8
2154,2021-06-24,353,245,4
2155,2021-06-09,1107,263,2
2156,2021-07-07,1019,143,27
2157,2021-07-01,1148,122,43
2158,2021-06-15,383,37,49
2159,2021-07-01,299,134,17
2160,2021-06-25,756,116,5
2161,2021-06-27,379,358,24
2162,2021-06-10,141,228,33
2163,2021-06-20,246,116,32
2164,2021-07-02,925,24,36
2165,2021-07-01,23,79,33
2166,2021-06-18,828,121,47
2167,2021-06-30,1167,334,38
2168,2021-07-01,869,313,17
2169,2021-06-18,66,272,34
2170,2021-06-11,585,280,41
2171,2021-06-12,660,37,34
2172,2021-06-23,1106,60,22
2173,2021-06-23,78,43,3
2174,2021-06-08,51,41,11
2175,2021-06-25,677,86,16
2176,2021-06-11,622,209,38
2177,2021-06-10,148,90,6
2178,2021-06-17,725,161,15
2179,2021-06-28,1171,216,22
2180,2021-06-23,536,118,2
2181,2021-06-29,1473,46,46
2182,2021-06-27,1432,375,19
2183,2021-07-07,7,281,20
2184,2021-07-06,1188,375,33
2185,2021-06-21,805,170,34
2186,2021-07-07,128,31,47
2187,2021-06-10,394,395,33
2188,2021-06-14,965,296,3
2189,2021-07-08,602,183,3
2190,2021-06-18,437,211,44
2191,2021-06-17,648,34,20
2192,2021-06-10,73,159,35
2193,2021-06-24,368,126,25
2194,2021-07-05,760,179,16
2195,2021-06-23,1030,381,33
2196,2021-06-26,156,76,28
2197,2021-07-04,853,278,35
2198,2021-06-19,201,81,47
2199,2021-06-09,827,101,48
2200,2021-07-04,571,224,6
2201,2021-06-15,713,94,2
2202,2021-06-26,280,162,17
2203,2021-07-03,1458,35,48
2204,2021-07-04,851,229,6
2205,2021-06-15,1323,379,41
2206,2021-06-13,467,111,29
2207,2021-06-15,501,111,28
2208,2021-06-24,1082,290,26
2209,2021-06-15,1388,32,38
2210,2021-07-06,255,133,45
2211,2021-06-30,1266,5,27
2212,2021-06-10,289,112,39
2213,2021-07-08,584,188,4
2214,2021-06-23,172,212,18
2215,2021-06-11,794,282,38
2216,2021-06-25,794,69,12
2217,2021-06-13,112,133,47
2218,2021-06-12,666,47,42
2219,2021-07-05,1185,204,50
2220,2021-06-17,868,160,15
2221,2021-06-09,831,371,11
2222,2021-06-27,996,188,38
2223,2021-06-27,1409,211,46
2224,2021-06-24,366,299,21
2225,2021-06-24,1089,88,12
2226,2021-06-16,233,344,49
2227,2021-06-26,228,281,29
2228,2021-06-21,933,396,33
2229,2021-06-24,86,229,25
2230,2021-06-30,761,113,19
2231,2021-06-24,956,384,18
2232,2021-06-19,90,137,49
2233,2021-06-13,1115,130,29
2234,2021-07-05,522,301,48
2235,2021-06-11,1497,381,43
2236,2021-06-19,39,31,33
2237,2021-07-04,940,283,33
2238,2021-06-16,1062,310,35
2239,2021-07-08,871,390,8
2240,2021-07-08,970,206,42
2241,2021-06-23,526,85,10
2242,2021-06-14,72,229,35
2243,2021-07-02,862,387,36
2244,2021-06-22,497,12,32
2245,2021-07-03,106,258,8
2246,2021-06-21,1026,54,41
2247,2021-06-17,650,198,43
2248,2021-06-30,949,214,24
2249,2021-06-22,1212,234,31
2250,2021-07-08,250,114,28
2251,2021-06-18,650,244,49
2252,2021-07-02,1112,143,38
2253,2021-07-05,1381,19,49
2254,2021-07-08,89,121,31
2255,2021-06-28,123,62,15
2256,2021-07-07,477,316,9
2257,2021-07-08,157,238,40
2258,2021-06-21,1059,296,6
2259,2021-06-14,1022,270,30
2260,2021-06-14,1496,239,28
2261,2021-06-12,398,114,13
2262,2021-06-14,872,359,20
2263,2021-07-06,1400,104,13
2264,2021-06-27,1004,143,49
2265,2021-07-01,1206,349,2
2266,2021-06-09,1042,391,50
2267,2021-06-30,337,130,48
2268,2021-06-25,653,5,25
2269,2021-06-21,1462,101,10
2270,2021-06-09,1300,244,49
2271,2021-06-12,1186,181,32
2272,2021-07-05,161,172,46
2273,2021-06-27,862,380,50
2274,2021-07-07,647,183,39
2275,2021-06-29,406,27,46
2276,2021-07-03,575,105,7
2277,2021-06-17,336,189,32
2278,2021-06-23,1264,232,24
2279,2021-06-14,934,2,28
2280,2021-07-02,214,44,43
2281,2021-07-01,472,172,26
2282,2021-06-22,355,46,22
2283,2021-06-08,281,257,32
2284,2021-06-14,294,325,40
2285,2021-06-09,1178,76,35
2286,2021-06-13,789,148,16
2287,2021-06-15,432,122,32
2288,2021-06-30,361,201,38
2289,2021-07-08,22,341,29
2290,2021-06-08,1281,39,8
2291,2021-06-25,309,62,28
2292,2021-06-10,546,101,27
2293,2021-06-15,1113,351,38
2294,2021-06-15,1200,73,42
2295,2021-07-06,1066,219,5
2296,2021-06-24,327,375,44
2297,2021-07-08,620,175,20
2298,2021-06-18,585,91,8
2299,2021-06-26,892,180,40
2300,2021-06-19,1086,59,30
2301,2021-06-30,782,280,41
2302,2021-06-16,630,142,19
2303,2021-07-06,930,311,13
2304,2021-06-11,1299,25,19
2305,2021-06-16,820,365,39
2306,2021-07-08,1022,21,42
2307,2021-06-19,240,98,37
2308,2021-06-11,969,194,5
2309,2021-06-09,651,251,20
2310,2021-06-17,1486,255,33
2311,2021-07-06,629,9,15
2312,2021-06-10,1030,383,28
2313,2021-06-26,98,296,48
2314,2021-06-23,480,294,35
2315,2021-06-09,1457,14,17
2316,2021-06-30,612,272,5
2317,2021-06-24,958,358,13
2318,2021-07-04,329,36,46
2319,2021-07-01,1340,378,12
2320,2021-06-30,1127,201,49
2321,2021-06-19,1061,345,49
2322,2021-06-22,1339,140,37
2323,2021-06-18,358,369,23
2324,2021-06-09,117,257,45
2325,2021-07-01,745,135,32
2326,2021-07-04,835,96,4
2327,2021-06-23,1189,112,27
2328,2021-06-11,322,147,9
2329,2021-07-04,1011,275,26
2330,2021-06-08,549,39,22
2331,2021-07-03,345,153,20
2332,2021-06-16,1173,232,23
2333,2021-07-02,589,283,4
2334,2021-06-19,1326,282,41
2335,2021-07-04,1219,30,9
2336,2021-06-21,1381,197,28
2337,2021-06-25,551,47,28
2338,2021-06-29,555,125,20
2339,2021-06-21,188,269,2
2340,2021-06-20,976,42,8
2341,2021-06-08,475,321,38
2342,2021-06-14,856,350,11
2343,2021-06-26,648,220,14
2344,2021-06-22,1139,83,19
2345,2021-06-16,205,240,30
2346,2021-06-17,1244,200,5
2347,2021-06-10,540,6,33
2348,2021-07-06,26,14,22
2349,2021-06-09,55,207,15
2350,2021-06-08,635,353,14
2351,2021-06-18,812,140,8
2352,2021-06-23,757,274,24
2353,2021-06-08,160,21,37
2354,2021-07-03,1022,384,14
2355,2021-07-02,160,229,13
2356,2021-06-18,455,336,45
2357,2021-06-24,1157,82,23
2358,2021-07-08,714,96,9
2359,2021-06-22,1480,328,11
2360,2021-06-13,1037,63,22
2361,2021-06-13,1473,137,40
2362,2021-06-29,1306,138,39
2363,2021-06-16,512,78,50
2364,2021-06-09,101,232,26
2365,2021-07-08,143,176,3
2366,2021-06-09,1393,382,31
2367,2021-06-11,152,9,28
2368,2021-06-17,513,68,34
2369,2021-07-04,894,155,12
2370,2021-06-13,651,28,23
2371,2021-06-22,371,78,37
2372,2021-07-05,448,286,40
2373,2021-06-15,1361,188,10
2374,2021-06-29,323,82,32
2375,2021-07-08,159,26,36
2376,2021-06-14,323,183,23
2377,2021-06-24,888,43,29
2378,2021-06-09,1422,108,23
2379,2021-07-08,726,120,27
2380,2021-06-30,814,284,46
2381,2021-07-06,1284,117,43
2382,2021-07-05,954,94,18
2383,2021-06-19,42,338,2
2384,2021-06-30,533,76,26
2385,2021-06-28,876,396,50
2386,2021-06-17,1304,311,1
2387,2021-07-06,1162,87,44
2388,2021-06-17,1166,156,21
2389,2021-06-12,1208,188,2
2390,2021-06-19,457,95,25
2391,2021-06-24,1134,195,19
2392,2021-06-28,95,42,28
2393,2021-06-10,970,210,16
2394,2021-07-08,953,194,37
2395,2021-07-07,999,41,20
2396,2021-06-13,79,49,49
2397,2021-06-09,1077,318,36
2398,2021-06-28,559,11,38
2399,2021-07-04,1499,216,17
2400,2021-06-10,1317,198,47
2401,2021-06-18,1444,237,33
2402,2021-06-24,406,178,29
2403,2021-06-17,247,220,32
2404,2021-06-16,411,367,41
2405,2021-06-16,800,205,8
2406,2021-06-16,442,43,45
2407,2021-06-09,766,346,26
2408,2021-06-10,197,116,21
2409,2021-06-08,481,374,42
2410,2021-06-11,1246,109,21
2411,2021-07-01,1127,74,32
2412,2021-06-10,496,353,13
2413,2021-07-07,852,72,11
2414,2021-06-25,210,219,39
2415,2021-06-14,468,29,48
2416,2021-07-04,1269,158,7
2417,2021-06-13,167,226,12
2418,2021-06-16,235,71,49
2419,2021-07-07,864,362,17
2420,2021-06-10,1086,18,5
2421,2021-07-03,210,336,38
2422,2021-06-27,886,344,10
2423,2021-06-21,120,159,24
2424,2021-06-14,1107,210,24
2425,2021-07-08,1248,363,13
2426,2021-06-17,877,109,24
2427,2021-07-08,1261,255,15
2428,2021-06-08,766,343,7
2429,2021-07-02,969,255,13
2430,2021-07-03,31,161,48
2431,2021-06-25,1058,242,6
2432,2021-06-10,659,341,29
2433,2021-07-03,858,351,7
2434,2021-07-03,690,246,20
2435,2021-07-04,102,17,48
2436,2021-06-28,444,167,50
2437,2021-06-08,102,325,36
2438,2021-06-22,287,342,46
2439,2021-07-07,1448,183,1
2440,2021-06-15,1094,314,48
2441,2021-06-08,1397,242,8
2442,2021-06-25,1163,274,8
2443,2021-07-05,505,193,45
2444,2021-07-02,876,7,36
2445,2021-06-22,493,333,31
2446,2021-07-05,159,76,42
2447,2021-06-15,833,220,47
2448,2021-06-18,706,366,28
2449,2021-06-19,1057,146,5
2450,2021-06-09,1055,282,2
2451,2021-06-14,769,72,16
2452,2021-07-01,555,388,8
2453,2021-07-01,967,321,27
2454,2021-06-22,234,149,24
2455,2021-06-23,497,322,7
2456,2021-06-10,277,348,4
2457,2021-07-01,931,38,21
2458,2021-07-02,690,266,33
2459,2021-07-06,365,154,11
2460,2021-06-23,71,102,1
2461,2021-07-01,1462,390,42
2462,2021-06-28,1431,136,31
2463,2021-06-10,798,138,49
2464,2021-06-13,1080,78,48
2465,2021-06-13,270,225,9
2466,2021-06-10,444,62,42
2467,2021-06-27,1413,155,15
2468,2021-06-19,1237,87,45
2469,2021-07-01,45,10,41
2470,2021-06-25,413,37,13
2471,2021-06-14,670,88,42
2472,2021-06-16,233,219,2
2473,2021-06-30,1345,390,9
2474,2021-07-08,1230,115,24
2475,2021-06-21,226,317,45
2476,2021-06-23,1169,180,50
2477,2021-07-02,640,382,36
2478,2021-06-18,741,11,34
2479,2021-06-19,179,109,50
2480,2021-07-04,409,391,17
2481,2021-06-24,559,133,37
2482,2021-07-03,558,353,35
2483,2021-06-18,691,294,14
2484,2021-06-23,1338,304,20
2485,2021-06-27,1196,368,42
2486,2021-06-28,358,126,20
2487,2021-06-08,191,184,41
2488,2021-06-14,1446,224,26
2489,2021-06-19,1283,377,30
2490,2021-07-07,162,329,11
2491,2021-06-18,132,231,49
2492,2021-06-09,1458,70,14
2493,2021-06-10,860,109,32
2494,2021-06-10,17,397,35
2495,2021-06-24,461,188,34
2496,2021-06-11,101,392,1
2497,2021-06-29,1054,321,6
2498,2021-06-19,456,86,45
2499,2021-07-03,418,343,50
2500,2021-06-26,648,301,3
2501,2021-06-12,1238,395,20
2502,2021-06-19,394,388,48
2503,2021-06-18,333,140,12
2504,2021-06-26,681,42,15
2505,2021-06-14,1480,119,19
2506,2021-06-20,948,276,6
2507,2021-07-03,1075,323,9
2508,2021-07-05,450,263,44
2509,2021-06-27,446,154,41
2510,2021-07-06,618,283,25
2511,2021-07-01,671,19,38
2512,2021-06-28,468,199,14
2513,2021-07-02,330,196,26
2514,2021-06-27,1128,177,18
2515,2021-06-21,1111,193,9
2516,2021-06-22,469,384,36
2517,2021-06-11,169,291,35
2518,2021-06-29,1272,104,30
2519,2021-06-20,467,5,1
2520,2021-07-05,512,212,42
2521,2021-07-08,261,120,17
2522,2021-06-16,1472,58,42
2523,2021-06-11,150,286,49
2524,2021-07-06,400,136,5
2525,2021-06-14,1067,245,13
2526,2021-07-02,28,349,19
2527,2021-06-30,849,75,50
2528,2021-07-02,725,357,8
2529,2021-06-20,1438,152,22
2530,2021-07-07,373,347,40
2531,2021-06-26,1257,353,46
2532,2021-06-27,1360,147,2
2533,2021-06-19,1284,9,36
2534,2021-06-14,1368,279,10
2535,2021-06-27,647,258,9
2536,2021-06-12,47,195,8
2537,2021-06-30,532,219,16
2538,2021-06-26,42,58,4
2539,2021-06-18,1041,159,29
2540,2021-06-27,746,378,30
2541,2021-07-08,132,17,23
2542,2021-06-27,1168,393,13
2543,2021-07-06,318,313,12
2544,2021-06-30,779,70,1
2545,2021-06-22,695,346,1
2546,2021-06-23,1000,180,38
2547,2021-06-26,14,356,11
2548,2021-06-30,404,263,11
2549,2021-06-27,1481,231,40
2550,2021-06-24,539,356,50
2551,2021-06-16,885,24,3
2552,2021-06-30,1008,128,39
2553,2021-06-21,661,284,15
2554,2021-06-27,772,95,27
2555,2021-06-25,177,221,9
2556,2021-07-03,659,374,20
2557,2021-06-28,580,194,36
2558,2021-06-17,1353,348,8
2559,2021-07-06,819,199,15
2560,2021-07-02,1454,335,30
2561,2021-06-20,1129,281,3
2562,2021-06-19,24,193,43
2563,2021-06-17,1184,179,32
2564,2021-06-28,1033,238,45
2565,2021-07-01,1134,164,20
2566,2021-07-06,395,362,30
2567,2021-06-15,1179,32,37
2568,2021-07-08,1231,116,37
2569,2021-06-28,1422,304,18
2570,2021-06-22,189,197,16
2571,2021-06-09,1195,359,19
2572,2021-07-06,1161,341,19
2573,2021-07-08,1221,69,43
2574,2021-06-15,1070,273,11
2575,2021-06-28,549,104,38
2576,2021-07-04,1177,176,50
2577,2021-06-14,1341,236,14
2578,2021-06-22,616,175,26
2579,2021-07-04,585,57,9
2580,2021-06-11,1294,298,42
2581,2021-07-02,806,241,21
2582,2021-06-18,310,49,47
2583,2021-06-17,75,69,31
2584,2021-07-03,996,85,14
2585,2021-07-02,75,244,42
2586,2021-06-29,368,127,28
2587,2021-07-03,405,345,40
2588,2021-06-29,868,153,41
2589,2021-06-17,18,247,16
2590,2021-06-20,272,95,11
2591,2021-06-30,1455,175,18
2592,2021-06-29,372,299,7
2593,2021-06-14,1253,272,4
2594,2021-06-19,716,343,2
2595,2021-06-18,415,27,50
2596,2021-06-10,115,79,36
2597,2021-07-05,854,91,6
2598,2021-07-04,440,355,10
2599,2021-06-16,982,20,21
2600,2021-06-25,515,224,3
2601,2021-07-03,1158,192,35
2602,2021-06-10,1078,39,33
2603,2021-06-11,408,399,28
2604,2021-06-12,564,304,7
2605,2021-06-24,303,228,30
2606,2021-06-30,1060,11,42
2607,2021-06-16,17,387,34
2608,2021-06-23,1426,89,45
2609,2021-07-06,1338,149,18
2610,2021-07-02,942,248,39
2611,2021-06-26,817,105,32
2612,2021-06-23,220,28,4
2613,2021-06-19,984,341,47
2614,2021-06-16,1486,71,18
2615,2021-06-27,172,90,37
2616,2021-06-14,569,190,35
2617,2021-06-25,206,72,3
2618,2021-06-21,17,264,14
2619,2021-07-08,177,317,37
2620,2021-06-24,1203,314,18
2621,2021-06-13,735,134,46
2622,2021-06-10,919,273,12
2623,2021-07-04,27,336,12
2624,2021-06-23,87,55,13
2625,2021-06-17,455,131,1
2626,2021-07-08,1241,131,30
2627,2021-06-17,1237,254,20
2628,2021-06-22,867,162,14
2629,2021-06-16,171,223,34
2630,2021-06-27,614,379,5
2631,2021-06-20,252,181,50
2632,2021-06-08,881,54,1
2633,2021-06-27,645,102,47
2634,2021-06-19,400,214,45
2635,2021-06-23,1083,180,32
2636,2021-06-15,93,391,43
2637,2021-06-29,780,337,7
2638,2021-06-19,890,17,13
2639,2021-06-23,249,286,41
2640,2021-06-15,516,244,23
2641,2021-06-26,796,234,50
2642,2021-06-14,589,140,18
2643,2021-06-25,753,277,24
2644,2021-06-28,216,360,45
2645,2021-06-11,870,115,38
2646,2021-06-13,1240,42,45
2647,2021-06-13,1459,332,3
2648,2021-06-21,838,32,27
2649,2021-07-07,728,326,30
2650,2021-07-04,387,53,28
2651,2021-06-26,453,183,28
2652,2021-06-28,81,128,1
2653,2021-06-17,21,303,32
2654,2021-07-05,385,158,21
2655,2021-06-19,1022,304,35
2656,2021-06-23,200,109,22
2657,2021-06-20,536,104,10
2658,2021-06-29,1109,392,27
2659,2021-06-26,415,126,17
2660,2021-06-12,1255,321,39
2661,2021-06-20,1348,229,11
2662,2021-06-28,843,305,46
2663,2021-06-09,381,59,20
2664,2021-06-29,658,230,42
2665,2021-06-17,869,150,40
2666,2021-06-17,1216,259,11
2667,2021-07-03,500,389,25
2668,2021-06-22,953,36,34
2669,2021-06-30,210,134,17
2670,2021-06-20,347,321,43
2671,2021-07-05,1477,320,10
2672,2021-07-01,1133,354,17
2673,2021-07-04,396,255,18
2674,2021-07-06,1496,82,32
2675,2021-06-23,192,279,46
2676,2021-06-12,866,134,43
2677,2021-06-28,846,109,28
2678,2021-06-09,309,174,12
2679,2021-06-09,839,333,9
2680,2021-06-18,721,156,1
2681,2021-06-17,1254,212,45
2682,2021-06-17,1128,303,21
2683,2021-06-14,1243,221,45
2684,2021-07-04,1085,191,30
2685,2021-07-08,543,14,31
2686,2021-07-02,1258,265,6
2687,2021-07-06,288,220,2
2688,2021-06-23,590,226,45
2689,2021-06-29,544,108,16
2690,2021-07-03,1265,251,12
2691,2021-06-13,568,394,12
2692,2021-06-26,206,318,30
2693,2021-07-04,872,185,10
2694,2021-06-26,337,143,6
2695,2021-07-03,482,365,2
2696,2021-06-09,884,112,9
2697,2021-07-03,428,198,40
2698,2021-07-03,642,33,46
2699,2021-06-24,2,40,30
2700,2021-06-26,213,190,40
2701,2021-06-19,1207,342,35
2702,2021-06-23,1093,324,42
2703,2021-07-01,81,390,39
2704,2021-06-13,1072,392,2
2705,2021-06-20,1337,356,45
2706,2021-06-24,299,21,14
2707,2021-06-11,1057,163,41
2708,2021-06-08,608,315,47
2709,2021-06-27,866,242,40
2710,2021-06-12,356,33,40
2711,2021-07-07,1093,365,1
2712,2021-06-15,744,228,19
2713,2021-06-28,613,21,48
2714,2021-07-08,504,224,10
2715,2021-06-08,770,141,29
2716,2021-06-12,562,252,12
2717,2021-07-06,484,344,39
2718,2021-06-22,739,383,21
2719,2021-06-18,1044,48,21
2720,2021-07-02,1016,33,15
2721,2021-07-08,21,223,2
2722,2021-06-14,1103,19,14
2723,2021-06-21,1060,185,32
2724,2021-06-11,1250,262,8
2725,2021-06-22,222,181,34
2726,2021-07-05,523,399,49
2727,2021-07-07,476,57,31
2728,2021-06-13,541,112,44
2729,2021-07-04,1019,41,2
2730,2021-06-21,460,327,22
2731,2021-06-14,637,305,49
2732,2021-06-19,696,184,17
2733,2021-06-11,1465,282,23
2734,2021-06-13,323,390,37
2735,2021-06-20,104,265,22
2736,2021-06-19,334,37,32
2737,2021-07-06,759,348,16
2738,2021-06-20,1334,295,23
2739,2021-07-03,1125,143,6
2740,2021-06-09,503,39,24
2741,2021-07-07,589,9,21
2742,2021-06-11,162,334,45
2743,2021-07-06,43,261,22
2744,2021-06-21,316,27,25
2745,2021-07-01,369,146,38
2746,2021-06-09,636,11,36
2747,2021-06-19,918,91,19
2748,2021-06-21,118,250,41
2749,2021-06-30,420,397,21
2750,2021-06-19,430,335,36
2751,2021-06-09,475,349,42
2752,2021-06-23,84,94,29
2753,2021-07-04,1306,95,13
2754,2021-07-06,145,24,16
2755,2021-07-05,262,244,49
2756,2021-07-02,1424,250,30
2757,2021-06-11,366,126,31
2758,2021-06-15,1219,145,34
2759,2021-06-12,960,355,14
2760,2021-06-08,248,345,31
2761,2021-07-05,1315,353,31
2762,2021-06-23,964,226,37
2763,2021-06-08,1471,139,26
2764,2021-06-27,1267,300,9
2765,2021-06-14,790,344,42
2766,2021-06-17,859,202,9
2767,2021-06-25,526,134,8
2768,2021-06-24,852,214,22
2769,2021-07-08,569,89,5
2770,2021-06-23,1082,278,49
2771,2021-06-15,223,195,3
2772,2021-06-16,590,165,49
2773,2021-06-22,1293,12,24
2774,2021-06-18,970,30,39
2775,2021-07-01,431,85,43
2776,2021-06-27,816,255,49
2777,2021-07-02,549,3,24
2778,2021-06-23,1390,312,30
2779,2021-07-01,729,127,32
2780,2021-07-05,345,323,10
2781,2021-06-27,378,125,16
2782,2021-06-24,751,394,41
2783,2021-06-19,126,116,2
2784,2021-06-22,944,366,11
2785,2021-06-17,1023,8,47
2786,2021-06-09,948,133,11
2787,2021-07-06,923,199,23
2788,2021-07-01,542,246,31
2789,2021-07-02,405,343,41
2790,2021-06-23,977,330,28
2791,2021-06-22,857,207,5
2792,2021-06-12,1372,155,22
2793,2021-06-19,92,172,49
2794,2021-06-11,1222,346,44
2795,2021-06-30,8,306,42
2796,2021-06-11,1455,348,29
2797,2021-06-27,1174,285,9
2798,2021-06-22,399,232,23
2799,2021-07-04,1141,121,4
2800,2021-06-24,422,196,30
2801,2021-06-12,825,327,5
2802,2021-06-28,5,192,38
2803,2021-06-11,296,101,2
2804,2021-07-03,120,342,16
2805,2021-06-11,489,19,24
2806,2021-06-20,173,189,12
2807,2021-06-22,969,95,42
2808,2021-06-16,162,53,7
2809,2021-06-27,18,267,12
2810,2021-07-08,795,246,41
2811,2021-06-21,585,364,10
2812,2021-07-07,24,257,33
2813,2021-06-20,241,47,4
2814,2021-07-08,434,226,7
2815,2021-06-20,493,68,50
2816,2021-06-20,1243,190,45
2817,2021-06-14,456,306,47
2818,2021-06-18,1134,341,9
2819,2021-07-05,100,19,14
2820,2021-06-14,273,378,17
2821,2021-06-18,544,337,48
2822,2021-07-03,1440,217,44
2823,2021-06-09,789,83,32
2824,2021-07-06,552,107,24
2825,2021-06-11,1087,144,35
2826,2021-06-13,212,86,38
2827,2021-06-12,579,29,16
2828,2021-06-26,4,123,32
2829,2021-06-23,1342,222,9
2830,2021-06-14,1488,125,29
2831,2021-06-25,1357,382,1
2832,2021-06-16,443,12,23
2833,2021-06-11,88,101,19
2834,2021-07-02,625,25,44
2835,2021-06-30,114,118,10
2836,2021-06-30,1445,130,6
2837,2021-06-14,1152,24,40
2838,2021-06-10,1007,294,36
2839,2021-07-08,1213,383,26
2840,2021-07-02,250,215,48
2841,2021-06-12,1328,120,9
2842,2021-06-22,394,113,15
2843,2021-06-30,882,163,36
2844,2021-06-30,315,42,33
2845,2021-06-25,29,18,12
2846,2021-07-08,1015,213,20
2847,2021-06-23,527,77,42
2848,2021-06-13,518,153,17
2849,2021-06-26,1264,395,23
2850,2021-07-04,15,61,48
2851,2021-06-23,485,286,48
2852,2021-07-08,799,173,1
2853,2021-06-14,1224,131,15
2854,2021-06-24,478,102,38
2855,2021-06-28,909,333,34
2856,2021-06-24,356,302,23
2857,2021-06-24,26,236,14
2858,2021-06-12,638,301,34
2859,2021-06-30,904,396,46
2860,2021-07-03,334,343,9
2861,2021-06-09,63,212,14
2862,2021-07-04,1018,322,19
2863,2021-06-22,111,163,8
2864,2021-06-23,145,299,36
2865,2021-07-05,1345,183,24
2866,2021-06-30,686,84,28
2867,2021-06-18,186,122,26
2868,2021-06-22,958,231,38
2869,2021-06-26,1147,78,19
2870,2021-07-04,843,109,49
2871,2021-06-14,274,376,48
2872,2021-06-25,241,237,49
2873,2021-06-24,171,211,40
2874,2021-06-23,86,151,18
2875,2021-06-13,1107,297,5
2876,2021-06-30,24,310,25
2877,2021-06-10,632,256,29
2878,2021-07-06,130,252,43
2879,2021-07-08,578,238,12
2880,2021-06-30,1239,81,5
2881,2021-07-08,1375,30,12
2882,2021-06-15,1348,42,36
2883,2021-06-25,1021,182,4
2884,2021-07-02,119,72,43
2885,2021-06-14,689,239,1
2886,2021-06-11,1361,371,4
2887,2021-06-26,881,93,23
2888,2021-07-02,6,215,32
2889,2021-06-28,278,332,21
2890,2021-06-23,1399,7,43
2891,2021-06-13,343,390,21
2892,2021-06-16,159,6,13
2893,2021-06-28,866,23,10
2894,2021-06-11,505,48,9
2895,2021-06-12,1076,363,38
2896,2021-06-11,256,309,34
2897,2021-06-26,751,208,39
2898,2021-06-16,212,287,27
2899,2021-07-03,586,111,39
2900,2021-06-25,1017,116,28
2901,2021-07-07,834,63,29
2902,2021-06-27,1179,398,17
2903,2021-06-11,46,161,13
2904,2021-07-01,930,75,14
2905,2021-06-21,1016,306,19
2906,2021-06-19,610,35,37
2907,2021-06-11,1391,253,22
2908,2021-07-03,1220,356,11
2909,2021-06-30,488,377,20
2910,2021-06-20,1351,237,45
2911,2021-07-05,1473,70,3
2912,2021-06-27,749,192,27
2913,2021-07-03,1379,256,43
2914,2021-07-02,1429,374,23
2915,2021-06-21,823,217,24
2916,2021-06-30,170,10,26
2917,2021-07-05,909,368,46
2918,2021-07-07,1399,392,30
2919,2021-06-15,879,159,50
2920,2021-07-01,249,288,34
2921,2021-07-03,751,298,5
2922,2021-06-16,1371,323,38
2923,2021-06-30,1054,108,24
2924,2021-07-06,333,86,32
2925,2021-06-24,279,362,32
2926,2021-06-08,1132,248,5
2927,2021-07-02,296,82,12
2928,2021-07-03,618,164,28
2929,2021-06-09,200,102,31
2930,2021-06-08,642,36,28
2931,2021-06-14,1406,273,10
2932,2021-06-26,49,391,20
2933,2021-07-03,1054,11,23
2934,2021-06-19,1095,297,9
2935,2021-06-08,1463,153,29
2936,2021-06-12,1465,249,15
2937,2021-06-17,527,313,24
2938,2021-06-25,1485,54,11
2939,2021-06-14,1326,118,48
2940,2021-06-10,921,71,33
2941,2021-06-08,422,331,15
2942,2021-06-18,1220,170,18
2943,2021-06-24,371,64,43
2944,2021-07-06,1080,192,14
2945,2021-07-08,33,320,9
2946,2021-07-05,1302,156,27
2947,2021-06-12,1409,17,18
2948,2021-06-18,443,155,38
2949,2021-06-15,1499,313,7
2950,2021-06-17,701,266,20
2951,2021-06-21,628,76,10
2952,2021-06-18,35,263,37
2953,2021-06-27,1137,342,6
2954,2021-06-26,374,92,9
2955,2021-06-21,19,60,43
2956,2021-07-07,455,4,38
2957,2021-06-12,94,167,44
2958,2021-07-08,988,112,29
2959,2021-06-18,908,47,29
2960,2021-06-14,1278,345,20
2961,2021-07-01,1074,264,14
2962,2021-06-20,1178,155,43
2963,2021-07-04,383,121,20
2964,2021-07-03,1152,155,3
2965,2021-06-23,1083,39,6
2966,2021-06-27,1118,38,7
2967,2021-06-16,1438,294,7
2968,2021-06-15,907,334,21
2969,2021-06-10,755,131,46
2970,2021-06-12,622,271,33
2971,2021-06-18,311,109,27
2972,2021-06-26,1,376,8
2973,2021-07-02,51,103,22
2974,2021-06-27,574,183,50
2975,2021-06-30,54,30,29
2976,2021-06-16,82,231,1
2977,2021-06-30,1056,189,42
2978,2021-06-14,454,295,12
2979,2021-07-03,953,397,18
2980,2021-07-04,959,144,30
2981,2021-07-02,283,90,7
2982,2021-07-07,1478,196,11
2983,2021-06-12,75,256,10
2984,2021-07-02,1146,148,46
2985,2021-06-14,364,259,23
2986,2021-06-28,131,124,41
2987,2021-06-22,469,18,45
2988,2021-06-23,276,293,20
2989,2021-06-28,1078,15,15
2990,2021-07-01,289,148,6
2991,2021-06-19,72,318,45
2992,2021-06-29,139,81,27
2993,2021-06-16,431,67,18
2994,2021-06-21,553,187,36
2995,2021-06-20,688,367,18
2996,2021-07-02,887,177,44
2997,2021-06-10,1355,105,33
2998,2021-06-25,302,203,47
2999,2021-06-17,191,116,14
3000,2021-06-10,1499,105,20
